,time,knee_angle_r_moment,ankle_angle_r_moment,knee_angle_l_moment,ankle_angle_l_moment,time_prev_prev,time_prev,time_next,knee_angle_r_prev_prev,knee_angle_r_prev,knee_angle_r,knee_angle_r_next,ankle_angle_r_prev_prev,ankle_angle_r_prev,ankle_angle_r,ankle_angle_r_next,knee_angle_l_prev_prev,knee_angle_l_prev,knee_angle_l,knee_angle_l_next,ankle_angle_l_prev_prev,ankle_angle_l_prev,ankle_angle_l,ankle_angle_l_next
0,3.23,17.64811392,-34.32349332,-13.33808444,-0.04504686,3.22,3.225,3.235,-16.16127293,-15.80386453,-15.43827041,-15.06631443,-5.69764164,-5.51480569,-5.37055813,-5.21518054,-60.24036731,-60.86987937,-61.39618098,-61.86536537,-27.10484379,-26.34313002,-25.62591482,-24.95926542
1,3.235,16.01885836,-35.5283314,-10.80325,0.1107078,3.225,3.23,3.24,-15.80386453,-15.43827041,-15.06631443,-14.68730104,-5.51480569,-5.37055813,-5.21518054,-5.07355503,-60.86987937,-61.39618098,-61.86536537,-62.27209148,-26.34313002,-25.62591482,-24.95926542,-24.31928811
2,3.24,14.3967366,-36.70362406,-8.44525751,0.25307596,3.23,3.235,3.245,-15.43827041,-15.06631443,-14.68730104,-14.30203504,-5.37055813,-5.21518054,-5.07355503,-4.94054081,-61.39618098,-61.86536537,-62.27209148,-62.61307951,-25.62591482,-24.95926542,-24.31928811,-23.69665132
3,3.245,12.79489148,-37.84591273,-6.30174567,0.3804043,3.235,3.24,3.25,-15.06631443,-14.68730104,-14.30203504,-13.91028648,-5.21518054,-5.07355503,-4.94054081,-4.81831396,-61.86536537,-62.27209148,-62.61307951,-62.89062416,-24.95926542,-24.31928811,-23.69665132,-23.0804872
4,3.25,11.22610329,-38.95798234,-4.40105242,0.49168722,3.24,3.245,3.255,-14.68730104,-14.30203504,-13.91028648,-13.51381132,-5.07355503,-4.94054081,-4.81831396,-4.70362591,-62.27209148,-62.61307951,-62.89062416,-63.10836393,-24.31928811,-23.69665132,-23.0804872,-22.46128177
5,3.255,9.70061067,-40.0477597,-2.76186044,0.5865473,3.245,3.25,3.26,-14.30203504,-13.91028648,-13.51381132,-13.10902219,-4.94054081,-4.81831396,-4.70362591,-4.59017977,-62.61307951,-62.89062416,-63.10836393,-63.2709844,-23.69665132,-23.0804872,-22.46128177,-21.83235348
6,3.26,8.22739267,-41.12286804,-1.39341983,0.66518423,3.25,3.255,3.265,-13.91028648,-13.51381132,-13.10902219,-12.70173098,-4.81831396,-4.70362591,-4.59017977,-4.4833049,-62.89062416,-63.10836393,-63.2709844,-63.37993962,-23.0804872,-22.46128177,-21.83235348,-21.18928581
7,3.265,6.80849765,-42.19152136,-0.29623009,0.72829979,3.255,3.26,3.27,-13.51381132,-13.10902219,-12.70173098,-12.26158701,-4.70362591,-4.59017977,-4.4833049,-4.4166253,-63.10836393,-63.2709844,-63.37993962,-63.4319657,-22.46128177,-21.83235348,-21.18928581,-20.55366581
8,3.27,5.43969823,-43.26066729,0.5369342,0.77700615,3.26,3.265,3.275,-13.10902219,-12.70173098,-12.26158701,-11.86257593,-4.59017977,-4.4833049,-4.4166253,-4.28154013,-63.2709844,-63.37993962,-63.4319657,-63.43916263,-21.83235348,-21.18928581,-20.55366581,-19.88027462
9,3.275,4.11351649,-44.33555772,1.11976275,0.81272456,3.265,3.27,3.28,-12.70173098,-12.26158701,-11.86257593,-11.42779282,-4.4833049,-4.4166253,-4.28154013,-4.21611099,-63.37993962,-63.4319657,-63.43916263,-63.40002809,-21.18928581,-20.55366581,-19.88027462,-19.20225564
10,3.28,2.82160576,-45.42060148,1.47102355,0.83708054,3.27,3.275,3.285,-12.26158701,-11.86257593,-11.42779282,-11.02743901,-4.4166253,-4.28154013,-4.21611099,-4.1113784,-63.4319657,-63.43916263,-63.40002809,-63.30976435,-20.55366581,-19.88027462,-19.20225564,-18.52366934
11,3.285,1.5543478,-46.52139119,1.61315706,0.85180123,3.275,3.28,3.29,-11.86257593,-11.42779282,-11.02743901,-10.60987967,-4.28154013,-4.21611099,-4.1113784,-4.01476337,-63.43916263,-63.40002809,-63.30976435,-63.17658687,-19.88027462,-19.20225564,-18.52366934,-17.85548895
12,3.29,0.30296375,-47.64297044,1.57093576,0.85862064,3.28,3.285,3.295,-11.42779282,-11.02743901,-10.60987967,-10.15710312,-4.21611099,-4.1113784,-4.01476337,-3.95334152,-63.40002809,-63.30976435,-63.17658687,-63.0060244,-19.20225564,-18.52366934,-17.85548895,-17.19679646
13,3.295,-0.93965465,-48.7884352,1.37025119,0.85919844,3.285,3.29,3.3,-11.02743901,-10.60987967,-10.15710312,-9.74594133,-4.1113784,-4.01476337,-3.95334152,-3.85641891,-63.30976435,-63.17658687,-63.0060244,-62.79350233,-18.52366934,-17.85548895,-17.19679646,-16.56414395
14,3.3,-2.18579659,-49.95764927,1.03706794,0.85505609,3.29,3.295,3.305,-10.60987967,-10.15710312,-9.74594133,-9.35464397,-4.01476337,-3.95334152,-3.85641891,-3.75705436,-63.17658687,-63.0060244,-62.79350233,-62.53068435,-17.85548895,-17.19679646,-16.56414395,-15.95199638
15,3.305,-3.44584276,-51.14896973,0.59655831,0.84753132,3.295,3.3,3.31,-10.15710312,-9.74594133,-9.35464397,-8.95091299,-3.95334152,-3.85641891,-3.75705436,-3.67038348,-63.0060244,-62.79350233,-62.53068435,-62.23355982,-17.19679646,-16.56414395,-15.95199638,-15.35785819
16,3.31,-4.71732033,-52.36351506,0.0724255,0.8377504,3.3,3.305,3.315,-9.74594133,-9.35464397,-8.95091299,-8.55154931,-3.85641891,-3.75705436,-3.67038348,-3.59081411,-62.79350233,-62.53068435,-62.23355982,-61.90177612,-16.56414395,-15.95199638,-15.35785819,-14.78021807
17,3.315,-5.99293817,-53.60105333,-0.51357089,0.82661754,3.305,3.31,3.32,-9.35464397,-8.95091299,-8.55154931,-8.17475281,-3.75705436,-3.67038348,-3.59081411,-3.4945593,-62.53068435,-62.23355982,-61.90177612,-61.5277379,-15.95199638,-15.35785819,-14.78021807,-14.23016555
18,3.32,-7.26024463,-54.86048813,-1.14189259,0.81482033,3.31,3.315,3.325,-8.95091299,-8.55154931,-8.17475281,-7.79434814,-3.67038348,-3.59081411,-3.4945593,-3.38219045,-62.23355982,-61.90177612,-61.5277379,-61.11969738,-15.35785819,-14.78021807,-14.23016555,-13.72445537
19,3.325,-8.50585285,-56.14100721,-1.79533947,0.80284811,3.315,3.32,3.33,-8.55154931,-8.17475281,-7.79434814,-7.45958327,-3.59081411,-3.4945593,-3.38219045,-3.30313777,-61.90177612,-61.5277379,-61.11969738,-60.66929373,-14.78021807,-14.23016555,-13.72445537,-13.17791365
20,3.33,-9.71697183,-57.44075334,-2.45904766,0.79101918,3.32,3.325,3.335,-8.17475281,-7.79434814,-7.45958327,-7.12153343,-3.4945593,-3.38219045,-3.30313777,-3.19481491,-61.5277379,-61.11969738,-60.66929373,-60.18251993,-14.23016555,-13.72445537,-13.17791365,-12.67461262
21,3.335,-10.88537926,-58.75814604,-3.12039394,0.779512,3.325,3.33,3.34,-7.79434814,-7.45958327,-7.12153343,-6.78338687,-3.38219045,-3.30313777,-3.19481491,-3.10686386,-61.11969738,-60.66929373,-60.18251993,-59.67458343,-13.72445537,-13.17791365,-12.67461262,-12.16760115
22,3.34,-12.0098779,-60.09250756,-3.76047755,0.76929187,3.33,3.335,3.345,-7.45958327,-7.12153343,-6.78338687,-6.4839388,-3.30313777,-3.19481491,-3.10686386,-2.98343105,-60.66929373,-60.18251993,-59.67458343,-59.11644558,-13.17791365,-12.67461262,-12.16760115,-11.68844777
23,3.345,-13.09273632,-61.44248427,-4.36353896,0.76101713,3.335,3.34,3.35,-7.12153343,-6.78338687,-6.4839388,-6.20125108,-3.19481491,-3.10686386,-2.98343105,-2.82360179,-60.18251993,-59.67458343,-59.11644558,-58.51186993,-12.67461262,-12.16760115,-11.68844777,-11.26633006
24,3.35,-14.14096321,-62.80535135,-4.92912995,0.75384454,3.34,3.345,3.355,-6.78338687,-6.4839388,-6.20125108,-5.96096362,-3.10686386,-2.98343105,-2.82360179,-2.69602196,-59.67458343,-59.11644558,-58.51186993,-57.87843718,-12.16760115,-11.68844777,-11.26633006,-10.81987223
25,3.355,-15.16215879,-64.17636054,-5.45090884,0.74770826,3.345,3.35,3.36,-6.4839388,-6.20125108,-5.96096362,-5.69471784,-2.98343105,-2.82360179,-2.69602196,-2.57568857,-59.11644558,-58.51186993,-57.87843718,-57.23168652,-11.68844777,-11.26633006,-10.81987223,-10.38555527
26,3.36,-16.16141044,-65.55295117,-5.92393024,0.74251608,3.35,3.355,3.365,-6.20125108,-5.96096362,-5.69471784,-5.46695538,-2.82360179,-2.69602196,-2.57568857,-2.42287657,-58.51186993,-57.87843718,-57.23168652,-56.5391062,-11.26633006,-10.81987223,-10.38555527,-9.99769949
27,3.365,-17.13984712,-66.93253808,-6.34449158,0.73816606,3.355,3.36,3.37,-5.96096362,-5.69471784,-5.46695538,-5.27286725,-2.69602196,-2.57568857,-2.42287657,-2.25768663,-57.87843718,-57.23168652,-56.5391062,-55.80544623,-10.81987223,-10.38555527,-9.99769949,-9.64298724
28,3.37,-18.09723616,-68.31371624,-6.70998774,0.73456066,3.36,3.365,3.375,-5.69471784,-5.46695538,-5.27286725,-5.07662278,-2.57568857,-2.42287657,-2.25768663,-2.09239093,-57.23168652,-56.5391062,-55.80544623,-55.05427614,-10.38555527,-9.99769949,-9.64298724,-9.32685811
29,3.375,-19.03138827,-69.69483717,-7.01880641,0.7316191,3.365,3.37,3.38,-5.46695538,-5.27286725,-5.07662278,-4.86995002,-2.42287657,-2.25768663,-2.09239093,-1.94637764,-56.5391062,-55.80544623,-55.05427614,-54.29653395,-9.99769949,-9.64298724,-9.32685811,-9.0175037
30,3.38,-19.93706139,-71.07421064,-7.27026211,0.72928939,3.37,3.375,3.385,-5.27286725,-5.07662278,-4.86995002,-4.71306941,-2.25768663,-2.09239093,-1.94637764,-1.7741671,-55.80544623,-55.05427614,-54.29653395,-53.49334337,-9.64298724,-9.32685811,-9.0175037,-8.75235818
31,3.385,-20.80786747,-72.45268898,-7.46454162,0.72756148,3.375,3.38,3.39,-5.07662278,-4.86995002,-4.71306941,-4.56150231,-2.09239093,-1.94637764,-1.7741671,-1.59920081,-55.05427614,-54.29653395,-53.49334337,-52.67168093,-9.32685811,-9.0175037,-8.75235818,-8.51647215
32,3.39,-21.63802705,-73.83223146,-7.60265378,0.72648112,3.38,3.385,3.395,-4.86995002,-4.71306941,-4.56150231,-4.43287599,-1.94637764,-1.7741671,-1.59920081,-1.40277784,-54.29653395,-53.49334337,-52.67168093,-51.81845673,-9.0175037,-8.75235818,-8.51647215,-8.32188802
33,3.395,-22.42518942,-75.21669668,-7.68639659,0.72616258,3.385,3.39,3.4,-4.71306941,-4.56150231,-4.43287599,-4.28564828,-1.7741671,-1.59920081,-1.40277784,-1.25245418,-53.49334337,-52.67168093,-51.81845673,-50.95404858,-8.75235818,-8.51647215,-8.32188802,-8.09042627
34,3.4,-23.16974348,-76.61087381,-7.71834172,0.72679874,3.39,3.395,3.405,-4.56150231,-4.43287599,-4.28564828,-4.19790513,-1.59920081,-1.40277784,-1.25245418,-1.04099666,-52.67168093,-51.81845673,-50.95404858,-50.07229148,-8.51647215,-8.32188802,-8.09042627,-7.94456796
35,3.405,-23.87190316,-78.01736465,-7.70181952,0.72866679,3.395,3.4,3.41,-4.43287599,-4.28564828,-4.19790513,-4.12020193,-1.40277784,-1.25245418,-1.04099666,-0.86230935,-51.81845673,-50.95404858,-50.07229148,-49.14818088,-8.32188802,-8.09042627,-7.94456796,-7.81350601
36,3.41,-24.5330032,-79.43834983,-7.64089764,0.73212867,3.4,3.405,3.415,-4.28564828,-4.19790513,-4.12020193,-4.027971,-1.25245418,-1.04099666,-0.86230935,-0.6928491,-50.95404858,-50.07229148,-49.14818088,-48.22301246,-8.09042627,-7.94456796,-7.81350601,-7.66441798
37,3.415,-25.1518356,-80.87440677,-7.54035371,0.73762548,3.405,3.41,3.42,-4.19790513,-4.12020193,-4.027971,-3.96290296,-1.04099666,-0.86230935,-0.6928491,-0.48415457,-50.07229148,-49.14818088,-48.22301246,-47.27241567,-7.94456796,-7.81350601,-7.66441798,-7.53133737
38,3.42,-25.72291665,-82.32382167,-7.40562739,0.74566444,3.41,3.415,3.425,-4.12020193,-4.027971,-3.96290296,-3.9038857,-0.86230935,-0.6928491,-0.48415457,-0.30025418,-49.14818088,-48.22301246,-47.27241567,-46.29822574,-7.81350601,-7.66441798,-7.53133737,-7.42391812
39,3.425,-26.24079562,-83.78638605,-7.24273557,0.75679599,3.415,3.42,3.43,-4.027971,-3.96290296,-3.9038857,-3.85759384,-0.6928491,-0.48415457,-0.30025418,-0.10386248,-48.22301246,-47.27241567,-46.29822574,-45.30655188,-7.66441798,-7.53133737,-7.42391812,-7.3325577
40,3.43,-26.70257324,-85.26536867,-7.05815154,0.77158101,3.42,3.425,3.435,-3.96290296,-3.9038857,-3.85759384,-3.81891862,-0.48415457,-0.30025418,-0.10386248,0.08844883,-47.27241567,-46.29822574,-45.30655188,-44.29220802,-7.53133737,-7.42391812,-7.3325577,-7.27106965
41,3.435,-27.10558657,-86.76353313,-6.8586547,0.79055025,3.425,3.43,3.44,-3.9038857,-3.85759384,-3.81891862,-3.80246161,-0.30025418,-0.10386248,0.08844883,0.29368449,-46.29822574,-45.30655188,-44.29220802,-43.25802055,-7.42391812,-7.3325577,-7.27106965,-7.26056901
42,3.44,-27.44943645,-88.28342335,-6.65116012,0.814159,3.43,3.435,3.445,-3.85759384,-3.81891862,-3.80246161,-3.77940521,-0.10386248,0.08844883,0.29368449,0.49242977,-45.30655188,-44.29220802,-43.25802055,-42.198297,-7.3325577,-7.27106965,-7.26056901,-7.25862872
43,3.445,-27.73941434,-89.82830954,-6.44254617,0.84273998,3.435,3.44,3.45,-3.81891862,-3.80246161,-3.77940521,-3.76938128,0.08844883,0.29368449,0.49242977,0.70501768,-44.29220802,-43.25802055,-42.198297,-41.11541926,-7.27106965,-7.26056901,-7.25862872,-7.31216386
44,3.45,-27.98466093,-91.40074155,-6.23949796,0.87645686,3.44,3.445,3.455,-3.80246161,-3.77940521,-3.76938128,-3.7744111,0.29368449,0.49242977,0.70501768,0.92578743,-43.25802055,-42.198297,-41.11541926,-40.00807659,-7.26056901,-7.25862872,-7.31216386,-7.41105122
45,3.455,-28.19649803,-93.00168759,-6.04837674,0.91526141,3.445,3.45,3.46,-3.77940521,-3.76938128,-3.7744111,-3.78770113,0.49242977,0.70501768,0.92578743,1.15073436,-42.198297,-41.11541926,-40.00807659,-38.88027252,-7.25862872,-7.31216386,-7.41105122,-7.558439
46,3.46,-28.38779146,-94.62995908,-5.92995246,0.95509076,3.45,3.455,3.465,-3.76938128,-3.7744111,-3.78770113,-3.81498096,0.70501768,0.92578743,1.15073436,1.38726894,-41.11541926,-40.00807659,-38.88027252,-37.73411964,-7.31216386,-7.41105122,-7.558439,-7.72419029
47,3.465,-28.57070264,-96.28134841,-5.848327,0.99846955,3.455,3.46,3.47,-3.7744111,-3.78770113,-3.81498096,-3.84200176,0.92578743,1.15073436,1.38726894,1.62070407,-40.00807659,-38.88027252,-37.73411964,-36.546727,-7.41105122,-7.558439,-7.72419029,-7.98617917
48,3.47,-28.75555714,-97.94817422,-5.80767412,1.04466321,3.46,3.465,3.475,-3.78770113,-3.81498096,-3.84200176,-3.87589226,1.15073436,1.38726894,1.62070407,1.84881402,-38.88027252,-37.73411964,-36.546727,-35.33104844,-7.558439,-7.72419029,-7.98617917,-8.2675201
49,3.475,-28.9525628,-99.6208095,-5.81355828,1.09252621,3.465,3.47,3.48,-3.81498096,-3.84200176,-3.87589226,-3.91579499,1.38726894,1.62070407,1.84881402,2.07546362,-37.73411964,-36.546727,-35.33104844,-34.08869754,-7.72419029,-7.98617917,-8.2675201,-8.59234085
50,3.48,-29.1700257,-101.28793539,-5.87098994,1.14065992,3.47,3.475,3.485,-3.84200176,-3.87589226,-3.91579499,-3.96469032,1.62070407,1.84881402,2.07546362,2.30133504,-36.546727,-35.33104844,-34.08869754,-32.79502994,-7.98617917,-8.2675201,-8.59234085,-8.9710125
51,3.485,-29.412727,-102.93739959,-5.98450199,1.18744424,3.475,3.48,3.49,-3.87589226,-3.91579499,-3.96469032,-4.00815107,1.84881402,2.07546362,2.30133504,2.50956435,-35.33104844,-34.08869754,-32.79502994,-31.48498186,-8.2675201,-8.59234085,-8.9710125,-9.40127867
52,3.49,-29.6866444,-104.56134875,-6.15827049,1.23108106,3.48,3.485,3.495,-3.91579499,-3.96469032,-4.00815107,-4.04166667,2.07546362,2.30133504,2.50956435,2.69179352,-34.08869754,-32.79502994,-31.48498186,-30.14631913,-8.59234085,-8.9710125,-9.40127867,-9.87978265
53,3.495,-29.99914065,-106.15779188,-6.39639998,1.26965741,3.485,3.49,3.5,-3.96469032,-4.00815107,-4.04166667,-4.10476636,2.30133504,2.50956435,2.69179352,2.90764444,-32.79502994,-31.48498186,-30.14631913,-28.80038995,-8.9710125,-9.40127867,-9.87978265,-10.34290699
54,3.5,-30.35372089,-107.72640786,-6.70816602,1.30161159,3.49,3.495,3.505,-4.00815107,-4.04166667,-4.10476636,-4.15780371,2.50956435,2.69179352,2.90764444,3.10203042,-31.48498186,-30.14631913,-28.80038995,-27.42230074,-9.40127867,-9.87978265,-10.34290699,-10.84165398
55,3.505,-30.75016785,-109.26855662,-7.09129145,1.3245875,3.495,3.5,3.51,-4.04166667,-4.10476636,-4.15780371,-4.21364948,2.69179352,2.90764444,3.10203042,3.29179859,-30.14631913,-28.80038995,-27.42230074,-26.0275292,-9.87978265,-10.34290699,-10.84165398,-11.34755176
56,3.51,-31.18484493,-110.78832535,-7.54960452,1.33666601,3.5,3.505,3.515,-4.10476636,-4.15780371,-4.21364948,-4.26052344,2.90764444,3.10203042,3.29179859,3.46975997,-28.80038995,-27.42230074,-26.0275292,-24.65595358,-10.34290699,-10.84165398,-11.34755176,-11.81737153
57,3.515,-31.65154805,-112.29380078,-8.0870389,1.33605637,3.505,3.51,3.52,-4.15780371,-4.21364948,-4.26052344,-4.33388312,3.10203042,3.29179859,3.46975997,3.66700393,-27.42230074,-26.0275292,-24.65595358,-23.24617616,-10.84165398,-11.34755176,-11.81737153,-12.2773703
58,3.52,-32.13790051,-113.79280284,-8.70750698,1.32115543,3.51,3.515,3.525,-4.21364948,-4.26052344,-4.33388312,-4.41171415,3.29179859,3.46975997,3.66700393,3.85931404,-26.0275292,-24.65595358,-23.24617616,-21.83200666,-11.34755176,-11.81737153,-12.2773703,-12.70983307
59,3.525,-32.62641795,-115.29373505,-9.41465394,1.29060123,3.515,3.52,3.53,-4.26052344,-4.33388312,-4.41171415,-4.49730425,3.46975997,3.66700393,3.85931404,4.04494678,-24.65595358,-23.24617616,-21.83200666,-20.42161877,-11.81737153,-12.2773703,-12.70983307,-13.0880419
60,3.53,-33.09773008,-116.80805885,-10.21150476,1.2433207,3.52,3.525,3.535,-4.33388312,-4.41171415,-4.49730425,-4.59121086,3.66700393,3.85931404,4.04494678,4.22850919,-23.24617616,-21.83200666,-20.42161877,-19.01943797,-12.2773703,-12.70983307,-13.0880419,-13.41523246
61,3.535,-33.53045693,-118.34701225,-11.2871196,1.17822913,3.525,3.53,3.54,-4.41171415,-4.49730425,-4.59121086,-4.70725724,3.85931404,4.04494678,4.22850919,4.42288282,-21.83200666,-20.42161877,-19.01943797,-17.61185243,-12.70983307,-13.0880419,-13.41523246,-13.69030133
62,3.54,-33.90476703,-119.92086572,-12.43091474,1.09584576,3.53,3.535,3.545,-4.49730425,-4.59121086,-4.70725724,-4.81029795,4.04494678,4.22850919,4.42288282,4.58091096,-20.42161877,-19.01943797,-17.61185243,-16.2547321,-13.0880419,-13.41523246,-13.69030133,-13.89541017
63,3.545,-34.20738156,-121.54067122,-13.62079754,0.99614913,3.535,3.54,3.55,-4.59121086,-4.70725724,-4.81029795,-4.94589297,4.22850919,4.42288282,4.58091096,4.75526926,-19.01943797,-17.61185243,-16.2547321,-14.87323309,-13.41523246,-13.69030133,-13.89541017,-14.09766228
64,3.55,-34.43003914,-123.21573303,-14.84462546,0.87944554,3.54,3.545,3.555,-4.70725724,-4.81029795,-4.94589297,-5.09266558,4.42288282,4.58091096,4.75526926,4.92121881,-17.61185243,-16.2547321,-14.87323309,-13.54851144,-13.69030133,-13.89541017,-14.09766228,-14.25609215
65,3.555,-34.56828067,-124.95062413,-16.08958408,0.74643845,3.545,3.55,3.56,-4.81029795,-4.94589297,-5.09266558,-5.24723281,4.58091096,4.75526926,4.92121881,5.07882501,-16.2547321,-14.87323309,-13.54851144,-12.22961402,-13.89541017,-14.09766228,-14.25609215,-14.38622257
66,3.56,-34.6202407,-126.74174375,-17.34215188,0.59826996,3.55,3.555,3.565,-4.94589297,-5.09266558,-5.24723281,-5.42750911,4.75526926,4.92121881,5.07882501,5.22926197,-14.87323309,-13.54851144,-12.22961402,-10.96261883,-14.09766228,-14.25609215,-14.38622257,-14.53508389
67,3.565,-34.58818666,-128.57946697,-18.58790582,0.43656404,3.555,3.56,3.57,-5.09266558,-5.24723281,-5.42750911,-5.60968033,4.92121881,5.07882501,5.22926197,5.37377617,-13.54851144,-12.22961402,-10.96261883,-9.72405643,-14.25609215,-14.38622257,-14.53508389,-14.66192608
68,3.57,-34.47867794,-130.4510172,-19.80244684,0.26209081,3.56,3.565,3.575,-5.24723281,-5.42750911,-5.60968033,-5.8053474,5.07882501,5.22926197,5.37377617,5.49288257,-12.22961402,-10.96261883,-9.72405643,-8.5394211,-14.38622257,-14.53508389,-14.66192608,-14.80914156
69,3.575,-34.29786217,-132.33826141,-20.97090306,0.07671219,3.565,3.57,3.58,-5.42750911,-5.60968033,-5.8053474,-6.01297552,5.22926197,5.37377617,5.49288257,5.60281255,-10.96261883,-9.72405643,-8.5394211,-7.42510804,-14.53508389,-14.66192608,-14.80914156,-14.99454809
70,3.58,-34.05195811,-134.21972921,-22.09831198,-0.11242181,3.57,3.575,3.585,-5.60968033,-5.8053474,-6.01297552,-6.22109334,5.37377617,5.49288257,5.60281255,5.69705505,-9.72405643,-8.5394211,-7.42510804,-6.36893927,-14.66192608,-14.80914156,-14.99454809,-15.1479697
71,3.585,-33.74730273,-136.07464163,-23.15721272,-0.30168073,3.575,3.58,3.59,-5.8053474,-6.01297552,-6.22109334,-6.43788054,5.49288257,5.60281255,5.69705505,5.780556,-8.5394211,-7.42510804,-6.36893927,-5.41128202,-14.80914156,-14.99454809,-15.1479697,-15.31728305
72,3.59,-33.39181298,-137.88344271,-24.11882507,-0.48716985,3.58,3.585,3.595,-6.01297552,-6.22109334,-6.43788054,-6.64953938,5.60281255,5.69705505,5.780556,5.8364692,-7.42510804,-6.36893927,-5.41128202,-4.55739686,-14.99454809,-15.1479697,-15.31728305,-15.36471921
73,3.595,-32.99198587,-139.62447674,-24.95406564,-0.66483753,3.585,3.59,3.6,-6.22109334,-6.43788054,-6.64953938,-6.88684383,5.69705505,5.780556,5.8364692,5.86955709,-6.36893927,-5.41128202,-4.55739686,-3.83032952,-15.1479697,-15.31728305,-15.36471921,-15.45566076
74,3.6,-32.55122533,-141.27503959,-25.63466874,-0.83060508,3.59,3.595,3.605,-6.43788054,-6.64953938,-6.88684383,-7.13320339,5.780556,5.8364692,5.86955709,5.89316023,-5.41128202,-4.55739686,-3.83032952,-3.22501085,-15.31728305,-15.36471921,-15.45566076,-15.4744919
75,3.605,-32.07232385,-142.81473879,-26.13440439,-0.98051371,3.595,3.6,3.61,-6.64953938,-6.88684383,-7.13320339,-7.37005239,5.8364692,5.86955709,5.89316023,5.89348824,-4.55739686,-3.83032952,-3.22501085,-2.76270262,-15.36471921,-15.45566076,-15.4744919,-15.39821707
76,3.61,-31.55705616,-144.22618357,-26.43040543,-1.11087911,3.6,3.605,3.615,-6.88684383,-7.13320339,-7.37005239,-7.63207828,5.86955709,5.89316023,5.89348824,5.88133481,-3.83032952,-3.22501085,-2.76270262,-2.47320069,-15.45566076,-15.4744919,-15.39821707,-15.27019842
77,3.615,-31.00592235,-145.49606589,-26.50451394,-1.21844129,3.605,3.61,3.62,-7.13320339,-7.37005239,-7.63207828,-7.8969632,5.89316023,5.89348824,5.88133481,5.83492252,-3.22501085,-2.76270262,-2.47320069,-2.33249808,-15.4744919,-15.39821707,-15.27019842,-15.0833082
78,3.62,-30.41842632,-146.6142431,-26.34449823,-1.3004949,3.61,3.615,3.625,-7.37005239,-7.63207828,-7.8969632,-8.15194458,5.89348824,5.88133481,5.83492252,5.76822451,-2.76270262,-2.47320069,-2.33249808,-2.33321405,-15.39821707,-15.27019842,-15.0833082,-14.85536761
79,3.625,-29.79086007,-147.56881048,-25.94503287,-1.35498748,3.615,3.62,3.63,-7.63207828,-7.8969632,-8.15194458,-8.42175872,5.88133481,5.83492252,5.76822451,5.65850146,-2.47320069,-2.33249808,-2.33321405,-2.48272083,-15.27019842,-15.0833082,-14.85536761,-14.62588374
80,3.63,-29.11761576,-148.34760328,-25.30836627,-1.38057557,3.62,3.625,3.635,-7.8969632,-8.15194458,-8.42175872,-8.66994406,5.83492252,5.76822451,5.65850146,5.52049592,-2.33249808,-2.33321405,-2.48272083,-2.78762894,-15.0833082,-14.85536761,-14.62588374,-14.33837431
81,3.635,-28.39117812,-148.93681772,-24.44460295,-1.37663408,3.625,3.63,3.64,-8.15194458,-8.42175872,-8.66994406,-8.9515105,5.76822451,5.65850146,5.52049592,5.35121415,-2.33321405,-2.48272083,-2.78762894,-3.15278974,-14.85536761,-14.62588374,-14.33837431,-14.13664275
82,3.64,-27.60285734,-149.3211041,-23.3715465,-1.34321998,3.63,3.635,3.645,-8.42175872,-8.66994406,-8.9515105,-9.24531567,5.65850146,5.52049592,5.35121415,5.18457144,-2.48272083,-2.78762894,-3.15278974,-3.62611761,-14.62588374,-14.33837431,-14.13664275,-13.92445012
83,3.645,-26.74374587,-149.48428668,-22.11409486,-1.2809975,3.635,3.64,3.65,-8.66994406,-8.9515105,-9.24531567,-9.545286,5.52049592,5.35121415,5.18457144,4.98298183,-2.78762894,-3.15278974,-3.62611761,-4.17635241,-14.33837431,-14.13664275,-13.92445012,-13.72326657
84,3.65,-25.80625712,-149.40899877,-20.70322092,-1.19113752,3.64,3.645,3.655,-8.9515105,-9.24531567,-9.545286,-9.85446617,5.35121415,5.18457144,4.98298183,4.75359075,-3.15278974,-3.62611761,-4.17635241,-4.77709469,-14.13664275,-13.92445012,-13.72326657,-13.54378873
85,3.655,-24.78219389,-149.07391614,-19.17458434,-1.07520905,3.645,3.65,3.66,-9.24531567,-9.545286,-9.85446617,-10.16665282,5.18457144,4.98298183,4.75359075,4.49657458,-3.62611761,-4.17635241,-4.77709469,-5.41503189,-13.92445012,-13.72326657,-13.54378873,-13.35560285
86,3.66,-23.66442462,-148.45540023,-17.56682486,-0.93508194,3.65,3.655,3.665,-9.545286,-9.85446617,-10.16665282,-10.48171302,4.98298183,4.75359075,4.49657458,4.18929121,-4.17635241,-4.77709469,-5.41503189,-6.0655063,-13.72326657,-13.54378873,-13.35560285,-13.22508267
87,3.665,-22.44034249,-147.52903811,-15.91962092,-0.77285639,3.655,3.66,3.67,-9.85446617,-10.16665282,-10.48171302,-10.82669477,4.75359075,4.49657458,4.18929121,3.87487823,-4.77709469,-5.41503189,-6.0655063,-6.69290976,-13.54378873,-13.35560285,-13.22508267,-13.13805149
88,3.67,-21.09586264,-146.27097328,-14.27166141,-0.5908293,3.66,3.665,3.675,-10.16665282,-10.48171302,-10.82669477,-11.18895209,4.49657458,4.18929121,3.87487823,3.50400234,-5.41503189,-6.0655063,-6.69290976,-7.31979041,-13.35560285,-13.22508267,-13.13805149,-13.10315565
89,3.675,-19.62814955,-144.65918529,-12.65871435,-0.3915009,3.665,3.67,3.68,-10.48171302,-10.82669477,-11.18895209,-11.56338524,4.18929121,3.87487823,3.50400234,3.13066741,-6.0655063,-6.69290976,-7.31979041,-7.88023905,-13.22508267,-13.13805149,-13.10315565,-13.19174461
90,3.68,-18.03341307,-142.67057837,-11.11195968,-0.17761797,3.67,3.675,3.685,-10.82669477,-11.18895209,-11.56338524,-11.95268665,3.87487823,3.50400234,3.13066741,2.67412162,-6.69290976,-7.31979041,-7.88023905,-8.39863483,-13.13805149,-13.10315565,-13.19174461,-13.4273102
91,3.685,-16.30662362,-140.28037112,-14.5503507,1.80941633,3.675,3.68,3.69,-11.18895209,-11.56338524,-11.95268665,-12.36058691,3.50400234,3.13066741,2.67412162,2.20074165,-7.31979041,-7.88023905,-8.39863483,-8.88531426,-13.10315565,-13.19174461,-13.4273102,-13.83378285
92,3.69,-14.44285017,-137.46269941,-14.44415215,3.12986704,3.68,3.685,3.695,-11.56338524,-11.95268665,-12.36058691,-12.79438929,3.13066741,2.67412162,2.20074165,1.66799992,-7.88023905,-8.39863483,-8.88531426,-9.30726924,-13.19174461,-13.4273102,-13.83378285,-14.4608739
93,3.695,-12.43876652,-134.18868412,-13.77853605,4.74794661,3.685,3.69,3.7,-11.95268665,-12.36058691,-12.79438929,-13.27343515,2.67412162,2.20074165,1.66799992,1.09842217,-8.39863483,-8.88531426,-9.30726924,-9.6864413,-13.4273102,-13.83378285,-14.4608739,-15.31693943
94,3.7,-10.29898215,-130.42779336,-12.09009433,6.56030671,3.69,3.695,3.705,-12.36058691,-12.79438929,-13.27343515,-13.76629874,2.20074165,1.66799992,1.09842217,0.47056435,-8.88531426,-9.30726924,-9.6864413,-10.058208,-13.83378285,-14.4608739,-15.31693943,-16.31286103
95,3.705,-8.03980063,-126.14653913,-9.06219467,8.4218444,3.695,3.7,3.71,-12.79438929,-13.27343515,-13.76629874,-14.3229032,1.66799992,1.09842217,0.47056435,-0.20433029,-9.30726924,-9.6864413,-10.058208,-10.41127417,-14.4608739,-15.31693943,-16.31286103,-17.44202226
96,3.71,-5.68036622,-121.32336852,-4.79947676,10.18040154,3.7,3.705,3.715,-13.27343515,-13.76629874,-14.3229032,-14.89962251,1.09842217,0.47056435,-0.20433029,-0.94436119,-9.6864413,-10.058208,-10.41127417,-10.8022049,-15.31693943,-16.31286103,-17.44202226,-18.56773461
97,3.715,-3.24362551,-115.95209176,0.26780467,11.69244489,3.705,3.71,3.72,-13.76629874,-14.3229032,-14.89962251,-15.54610873,0.47056435,-0.20433029,-0.94436119,-1.74422218,-10.058208,-10.41127417,-10.8022049,-11.22483722,-16.31286103,-17.44202226,-18.56773461,-19.63511349
98,3.72,-0.77585222,-110.03055138,5.73569156,12.84186024,3.71,3.715,3.725,-14.3229032,-14.89962251,-15.54610873,-16.22029125,-0.20433029,-0.94436119,-1.74422218,-2.63380465,-10.41127417,-10.8022049,-11.22483722,-11.70240795,-17.44202226,-18.56773461,-19.63511349,-20.51958563
99,3.725,1.64954046,-103.57015985,11.30331872,13.53951009,3.715,3.72,3.73,-14.89962251,-15.54610873,-16.22029125,-16.9475576,-0.94436119,-1.74422218,-2.63380465,-3.59905193,-10.8022049,-11.22483722,-11.70240795,-12.25743363,-18.56773461,-19.63511349,-20.51958563,-21.246415
100,3.73,3.94615603,-96.59472606,16.82995193,13.73999647,3.72,3.725,3.735,-15.54610873,-16.22029125,-16.9475576,-17.73151921,-1.74422218,-2.63380465,-3.59905193,-4.67290213,-11.22483722,-11.70240795,-12.25743363,-12.87613406,-19.63511349,-20.51958563,-21.246415,-21.72535207
101,3.735,6.03023681,-89.14285088,22.29311146,13.45740264,3.725,3.73,3.74,-16.22029125,-16.9475576,-17.73151921,-18.56786846,-2.63380465,-3.59905193,-4.67290213,-5.87544481,-11.70240795,-12.25743363,-12.87613406,-13.55553106,-20.51958563,-21.246415,-21.72535207,-21.94506344
102,3.74,7.82418916,-81.26879003,27.73098473,12.76539924,3.73,3.735,3.745,-16.9475576,-17.73151921,-18.56786846,-19.40147845,-3.59905193,-4.67290213,-5.87544481,-7.37200651,-12.25743363,-12.87613406,-13.55553106,-14.33659711,-21.246415,-21.72535207,-21.94506344,-21.78793411
103,3.745,9.25013028,-73.0501719,33.09681378,11.75024193,3.735,3.74,3.75,-17.73151921,-18.56786846,-19.40147845,-20.36808031,-4.67290213,-5.87544481,-7.37200651,-8.80623607,-12.87613406,-13.55553106,-14.33659711,-15.0504471,-21.72535207,-21.94506344,-21.78793411,-21.60524501
104,3.75,10.3448367,-64.59617121,38.27527321,10.49418468,3.74,3.745,3.755,-18.56786846,-19.40147845,-20.36808031,-21.3825405,-5.87544481,-7.37200651,-8.80623607,-10.49421857,-13.55553106,-14.33659711,-15.0504471,-15.82058734,-21.94506344,-21.78793411,-21.60524501,-21.15102691
105,3.755,11.07150075,-56.04257555,43.13758238,9.06766046,3.745,3.75,3.76,-19.40147845,-20.36808031,-21.3825405,-22.42001604,-7.37200651,-8.80623607,-10.49421857,-12.39681427,-14.33659711,-15.0504471,-15.82058734,-16.57846905,-21.78793411,-21.60524501,-21.15102691,-20.5287697
106,3.76,11.33159562,-47.55339344,47.62189136,7.52880276,3.75,3.755,3.765,-20.36808031,-21.3825405,-22.42001604,-23.44606491,-8.80623607,-10.49421857,-12.39681427,-14.58242857,-15.0504471,-15.82058734,-16.57846905,-17.32121098,-21.60524501,-21.15102691,-20.5287697,-19.77805618
107,3.765,11.18163144,-39.31460212,51.7324935,5.92607174,3.755,3.76,3.77,-21.3825405,-22.42001604,-23.44606491,-24.60697817,-10.49421857,-12.39681427,-14.58242857,-16.72643303,-15.82058734,-16.57846905,-17.32121098,-17.95233065,-21.15102691,-20.5287697,-19.77805618,-19.1104978
108,3.77,10.70441279,-31.52263031,55.50123401,4.30373955,3.76,3.765,3.775,-22.42001604,-23.44606491,-24.60697817,-25.78856535,-12.39681427,-14.58242857,-16.72643303,-19.03680508,-16.57846905,-17.32121098,-17.95233065,-18.54477192,-20.5287697,-19.77805618,-19.1104978,-18.36527966
109,3.775,9.979959,-24.37144863,58.93743352,2.69882769,3.765,3.77,3.78,-23.44606491,-24.60697817,-25.78856535,-27.02143816,-14.58242857,-16.72643303,-19.03680508,-21.387415,-17.32121098,-17.95233065,-18.54477192,-19.05635765,-19.77805618,-19.1104978,-18.36527966,-17.66454706
110,3.78,9.05239218,-18.03187026,62.01758891,1.13665779,3.77,3.775,3.785,-24.60697817,-25.78856535,-27.02143816,-28.29954617,-16.72643303,-19.03680508,-21.387415,-23.69383424,-17.95233065,-18.54477192,-19.05635765,-19.47556549,-19.1104978,-18.36527966,-17.66454706,-17.01092593
111,3.785,7.91791383,-12.62869528,64.70512629,-0.36622356,3.775,3.78,3.79,-25.78856535,-27.02143816,-28.29954617,-29.63667109,-19.03680508,-21.387415,-23.69383424,-25.87052541,-18.54477192,-19.05635765,-19.47556549,-19.80587234,-18.36527966,-17.66454706,-17.01092593,-16.41241192
112,3.79,6.59807752,-8.20731702,66.97337616,-1.79488693,3.78,3.785,3.795,-27.02143816,-28.29954617,-29.63667109,-31.05716055,-21.387415,-23.69383424,-25.87052541,-27.74268613,-19.05635765,-19.47556549,-19.80587234,-20.0234136,-17.66454706,-17.01092593,-16.41241192,-15.9506649
113,3.795,5.05638234,-4.72023783,68.78357145,-3.143923,3.785,3.79,3.8,-28.29954617,-29.63667109,-31.05716055,-32.47870124,-23.69383424,-25.87052541,-27.74268613,-29.54320476,-19.47556549,-19.80587234,-20.0234136,-20.21747807,-17.01092593,-16.41241192,-15.9506649,-15.34335283
114,3.8,3.50607589,-2.06956801,70.09830994,-4.4107951,3.79,3.795,3.805,-29.63667109,-31.05716055,-32.47870124,-33.93504543,-25.87052541,-27.74268613,-29.54320476,-31.07587121,-19.80587234,-20.0234136,-20.21747807,-20.32547323,-16.41241192,-15.9506649,-15.34335283,-14.84067137
115,3.805,-3.80773302,1.95500438,70.88725583,-5.59797307,3.795,3.8,3.81,-31.05716055,-32.47870124,-33.93504543,-35.42984728,-27.74268613,-29.54320476,-31.07587121,-32.25767621,-20.0234136,-20.21747807,-20.32547323,-20.34183123,-15.9506649,-15.34335283,-14.84067137,-14.43801395
116,3.81,-3.56605721,2.06704058,71.13990501,-6.71410105,3.8,3.805,3.815,-32.47870124,-33.93504543,-35.42984728,-36.95618936,-29.54320476,-31.07587121,-32.25767621,-33.25680812,-20.21747807,-20.32547323,-20.34183123,-20.32631483,-15.34335283,-14.84067137,-14.43801395,-13.92947412
117,3.815,-3.11783057,2.17426055,70.8687149,-7.77368678,3.805,3.81,3.82,-33.93504543,-35.42984728,-36.95618936,-38.50040485,-31.07587121,-32.25767621,-33.25680812,-33.96143758,-20.32547323,-20.34183123,-20.32631483,-20.24724344,-14.84067137,-14.43801395,-13.92947412,-13.48913165
118,3.82,-2.48735277,2.2723996,70.1119987,-8.79206255,3.81,3.815,3.825,-35.42984728,-36.95618936,-38.50040485,-40.06950708,-32.25767621,-33.25680812,-33.96143758,-34.37939319,-20.34183123,-20.32631483,-20.24724344,-20.11814266,-14.43801395,-13.92947412,-13.48913165,-13.11012612
119,3.825,-1.77141175,2.3522275,68.91903517,-9.78929695,3.815,3.82,3.83,-36.95618936,-38.50040485,-40.06950708,-41.63030941,-33.25680812,-33.96143758,-34.37939319,-34.57784878,-20.32631483,-20.24724344,-20.11814266,-19.91873666,-13.92947412,-13.48913165,-13.11012612,-12.66783844
120,3.83,-1.36824287,2.38025516,67.35372306,-10.78424779,3.82,3.825,3.835,-38.50040485,-40.06950708,-41.63030941,-43.19353246,-33.96143758,-34.37939319,-34.57784878,-34.50779204,-20.24724344,-20.11814266,-19.91873666,-19.69695327,-13.48913165,-13.11012612,-12.66783844,-12.25935951
121,3.835,-0.81659975,2.38906567,65.4907151,-11.79180463,3.825,3.83,3.84,-40.06950708,-41.63030941,-43.19353246,-44.73498925,-34.37939319,-34.57784878,-34.50779204,-34.22524497,-20.11814266,-19.91873666,-19.69695327,-19.4326944,-13.11012612,-12.66783844,-12.25935951,-11.87591197
122,3.84,-0.1479012,2.3771879,63.41070595,-12.82484421,3.83,3.835,3.845,-41.63030941,-43.19353246,-44.73498925,-46.25232712,-34.57784878,-34.50779204,-34.22524497,-33.73849018,-19.91873666,-19.69695327,-19.4326944,-19.143111,-12.66783844,-12.25935951,-11.87591197,-11.49749389
123,3.845,0.60157325,2.34393013,61.19239052,-13.89284209,3.835,3.84,3.85,-43.19353246,-44.73498925,-46.25232712,-47.71725411,-34.50779204,-34.22524497,-33.73849018,-33.10328285,-19.69695327,-19.4326944,-19.143111,-18.81213639,-12.25935951,-11.87591197,-11.49749389,-11.14946714
124,3.85,1.39297864,2.28950374,58.90810887,-15.00046013,3.84,3.845,3.855,-44.73498925,-46.25232712,-47.71725411,-49.15491927,-34.22524497,-33.73849018,-33.10328285,-32.28700009,-19.4326944,-19.143111,-18.81213639,-18.48430942,-11.87591197,-11.49749389,-11.14946714,-10.80548301
125,3.855,2.18718974,2.21506358,56.60283843,-16.15105842,3.845,3.85,3.86,-46.25232712,-47.71725411,-49.15491927,-50.47587766,-33.73849018,-33.10328285,-32.28700009,-31.47852038,-19.143111,-18.81213639,-18.48430942,-18.09775853,-11.49749389,-11.14946714,-10.80548301,-10.53292503
126,3.86,2.9469679,2.122664,54.29628346,-17.34639592,3.85,3.855,3.865,-47.71725411,-49.15491927,-50.47587766,-51.74804857,-33.10328285,-32.28700009,-31.47852038,-30.59024,-18.81213639,-18.48430942,-18.09775853,-17.67909354,-11.14946714,-10.80548301,-10.53292503,-10.24460392
127,3.865,3.63889221,2.01513994,51.98879464,-18.58711074,3.855,3.86,3.87,-49.15491927,-50.47587766,-51.74804857,-52.95545471,-32.28700009,-31.47852038,-30.59024,-29.65952995,-18.48430942,-18.09775853,-17.67909354,-17.28550791,-10.80548301,-10.53292503,-10.24460392,-10.00343227
128,3.87,4.23495486,1.89593038,49.67980504,-19.87513532,3.86,3.865,3.875,-50.47587766,-51.74804857,-52.95545471,-54.06312607,-31.47852038,-30.59024,-29.65952995,-28.75488679,-18.09775853,-17.67909354,-17.28550791,-16.87054054,-10.53292503,-10.24460392,-10.00343227,-9.77736405
129,3.875,4.71376513,1.76886419,47.37255174,-21.21397321,3.865,3.87,3.88,-51.74804857,-52.95545471,-54.06312607,-55.084817,-30.59024,-29.65952995,-28.75488679,-27.89031502,-17.67909354,-17.28550791,-16.87054054,-16.45806331,-10.24460392,-10.00343227,-9.77736405,-9.56765711
130,3.88,5.06131326,1.63792858,45.07929655,-22.60512641,3.87,3.875,3.885,-52.95545471,-54.06312607,-55.084817,-56.02587318,-29.65952995,-28.75488679,-27.89031502,-27.07634369,-17.28550791,-16.87054054,-16.45806331,-16.0508607,-10.00343227,-9.77736405,-9.56765711,-9.36897914
131,3.885,5.27123835,1.50704083,42.80639187,-24.04853169,3.875,3.88,3.89,-54.06312607,-55.084817,-56.02587318,-56.8976239,-28.75488679,-27.89031502,-27.07634369,-26.29102456,-16.87054054,-16.45806331,-16.0508607,-15.66192409,-9.77736405,-9.56765711,-9.36897914,-9.14773338
132,3.89,5.34458929,1.37984336,40.55593759,-25.54035603,3.88,3.885,3.895,-55.084817,-56.02587318,-56.8976239,-57.69346878,-27.89031502,-27.07634369,-26.29102456,-25.5592052,-16.45806331,-16.0508607,-15.66192409,-15.27026229,-9.56765711,-9.36897914,-9.14773338,-8.95175839
133,3.895,5.28913874,1.25953752,38.32686744,-27.07250286,3.885,3.89,3.9,-56.02587318,-56.8976239,-57.69346878,-58.41835282,-27.07634369,-26.29102456,-25.5592052,-24.87366969,-16.0508607,-15.66192409,-15.27026229,-14.88119622,-9.36897914,-9.14773338,-8.95175839,-8.76908253
134,3.9,5.11834245,1.14876534,36.12505378,-28.6332636,3.89,3.895,3.905,-56.8976239,-57.69346878,-58.41835282,-59.00966444,-26.29102456,-25.5592052,-24.87366969,-24.33975968,-15.66192409,-15.27026229,-14.88119622,-14.46122367,-9.14773338,-8.95175839,-8.76908253,-8.673766
135,3.905,4.85001485,1.04954109,33.96168388,-30.20939934,3.895,3.9,3.91,-57.69346878,-58.41835282,-59.00966444,-59.63286466,-25.5592052,-24.87366969,-24.33975968,-23.68264158,-15.27026229,-14.88119622,-14.46122367,-14.08617614,-8.95175839,-8.76908253,-8.673766,-8.4771921
136,3.91,4.50479058,0.96322932,31.85359304,-31.78612161,3.9,3.905,3.915,-58.41835282,-59.00966444,-59.63286466,-60.13386973,-24.87366969,-24.33975968,-23.68264158,-23.14611553,-14.88119622,-14.46122367,-14.08617614,-13.69696161,-8.76908253,-8.673766,-8.4771921,-8.34052649
137,3.915,4.11040102,0.89123195,29.81456948,-33.34937105,3.905,3.91,3.92,-59.00966444,-59.63286466,-60.13386973,-60.60880584,-24.33975968,-23.68264158,-23.14611553,-22.54861869,-14.46122367,-14.08617614,-13.69696161,-13.31910992,-8.673766,-8.4771921,-8.34052649,-8.17274811
138,3.92,3.68389439,0.83330327,27.85435272,-34.88761377,3.91,3.915,3.925,-59.63286466,-60.13386973,-60.60880584,-61.04412844,-23.68264158,-23.14611553,-22.54861869,-21.94675024,-14.08617614,-13.69696161,-13.31910992,-12.9329837,-8.4771921,-8.34052649,-8.17274811,-8.01746562
139,3.925,3.23670294,0.78809954,25.97679218,-36.39213221,3.915,3.92,3.93,-60.13386973,-60.60880584,-61.04412844,-61.43293482,-23.14611553,-22.54861869,-21.94675024,-21.34139134,-13.69696161,-13.31910992,-12.9329837,-12.54753969,-8.34052649,-8.17274811,-8.01746562,-7.86526027
140,3.93,2.78891174,0.75510947,24.1809396,-37.85832337,3.92,3.925,3.935,-60.60880584,-61.04412844,-61.43293482,-61.80235675,-22.54861869,-21.94675024,-21.34139134,-20.70076705,-13.31910992,-12.9329837,-12.54753969,-12.16605037,-8.17274811,-8.01746562,-7.86526027,-7.68859402
141,3.935,2.3566116,0.73344648,22.45935913,-39.28672831,3.925,3.93,3.94,-61.04412844,-61.43293482,-61.80235675,-62.09971361,-21.94675024,-21.34139134,-20.70076705,-20.06318269,-12.9329837,-12.54753969,-12.16605037,-11.77163422,-8.01746562,-7.86526027,-7.68859402,-7.58750813
142,3.94,1.95175317,0.72195022,20.80281905,-40.68052673,3.93,3.935,3.945,-61.43293482,-61.80235675,-62.09971361,-62.36072165,-21.34139134,-20.70076705,-20.06318269,-19.45191496,-12.54753969,-12.16605037,-11.77163422,-11.37110171,-7.86526027,-7.68859402,-7.58750813,-7.44132631
143,3.945,1.58227256,0.71928036,19.19940054,-42.04449506,3.935,3.94,3.95,-61.80235675,-62.09971361,-62.36072165,-62.59050333,-20.70076705,-20.06318269,-19.45191496,-18.78182355,-12.16605037,-11.77163422,-11.37110171,-10.98082595,-7.68859402,-7.58750813,-7.44132631,-7.30636137
144,3.95,1.2523889,0.72399688,17.63505788,-43.38489659,3.94,3.945,3.955,-62.09971361,-62.36072165,-62.59050333,-62.77013372,-20.06318269,-19.45191496,-18.78182355,-18.12534395,-11.77163422,-11.37110171,-10.98082595,-10.56801919,-7.58750813,-7.44132631,-7.30636137,-7.19659622
145,3.955,0.96301611,0.7346247,16.09644057,-44.70791844,3.945,3.95,3.96,-62.36072165,-62.59050333,-62.77013372,-62.92496963,-19.45191496,-18.78182355,-18.12534395,-17.46452668,-11.37110171,-10.98082595,-10.56801919,-10.15263988,-7.44132631,-7.30636137,-7.19659622,-7.0840705
146,3.96,0.7122686,0.74970518,14.57429471,-46.01833117,3.95,3.955,3.965,-62.59050333,-62.77013372,-62.92496963,-63.02794678,-18.78182355,-18.12534395,-17.46452668,-16.80909096,-10.98082595,-10.56801919,-10.15263988,-9.73631494,-7.30636137,-7.19659622,-7.0840705,-6.97099221
147,3.965,0.49602313,0.76783721,13.06739658,-47.32059975,3.955,3.96,3.97,-62.77013372,-62.92496963,-63.02794678,-63.08011081,-18.12534395,-17.46452668,-16.80909096,-16.15269399,-10.56801919,-10.15263988,-9.73631494,-9.29328818,-7.19659622,-7.0840705,-6.97099221,-6.87833603
148,3.97,0.30848157,0.7877105,11.57079288,-48.61745643,3.96,3.965,3.975,-62.92496963,-63.02794678,-63.08011081,-63.11305959,-17.46452668,-16.80909096,-16.15269399,-15.51667878,-10.15263988,-9.73631494,-9.29328818,-8.85747419,-7.0840705,-6.97099221,-6.87833603,-6.79022171
149,3.975,0.14269847,0.80813296,10.07686869,-49.91187318,3.965,3.97,3.98,-63.02794678,-63.08011081,-63.11305959,-63.06887904,-16.80909096,-16.15269399,-15.51667878,-14.84996513,-9.73631494,-9.29328818,-8.85747419,-8.40929253,-6.97099221,-6.87833603,-6.79022171,-6.70297166
150,3.98,-0.00894331,0.82805363,8.57548421,-51.20728227,3.97,3.975,3.985,-63.08011081,-63.11305959,-63.06887904,-63.01135251,-16.15269399,-15.51667878,-14.84996513,-14.22537935,-9.29328818,-8.85747419,-8.40929253,-7.97583299,-6.87833603,-6.79022171,-6.70297166,-6.61302764
151,3.985,-0.15431048,0.8465819,7.05497185,-52.50728936,3.975,3.98,3.99,-63.11305959,-63.06887904,-63.01135251,-62.88881162,-15.51667878,-14.84996513,-14.22537935,-13.59144153,-8.85747419,-8.40929253,-7.97583299,-7.52874333,-6.79022171,-6.70297166,-6.61302764,-6.53392489
152,3.99,-0.30114132,0.86300334,5.50725314,-53.81527961,3.98,3.985,3.995,-63.06887904,-63.01135251,-62.88881162,-62.75046096,-14.84996513,-14.22537935,-13.59144153,-12.92651196,-8.40929253,-7.97583299,-7.52874333,-7.05259823,-6.70297166,-6.61302764,-6.53392489,-6.50636292
153,3.995,-0.45670048,0.87679196,3.93052525,-55.13511879,3.985,3.99,4.0,-63.01135251,-62.88881162,-62.75046096,-62.53172488,-14.22537935,-13.59144153,-12.92651196,-12.34258932,-7.97583299,-7.52874333,-7.05259823,-6.63594343,-6.61302764,-6.53392489,-6.50636292,-6.41191265
154,4.0,-0.62746672,0.88761783,2.33081314,-56.47129748,3.99,3.995,4.005,-62.88881162,-62.75046096,-62.53172488,-62.27578619,-13.59144153,-12.92651196,-12.34258932,-11.77932799,-7.52874333,-7.05259823,-6.63594343,-6.22738746,-6.53392489,-6.50636292,-6.41191265,-6.31747164
155,4.005,-0.81888489,0.89534724,0.72048911,-57.82907241,3.995,4.0,4.01,-62.75046096,-62.53172488,-62.27578619,-62.00260556,-12.92651196,-12.34258932,-11.77932799,-11.14936413,-7.05259823,-6.63594343,-6.22738746,-5.79339366,-6.50636292,-6.41191265,-6.31747164,-6.27803038
156,4.01,-1.03520481,0.90003372,-0.88435019,-59.21497168,4.0,4.005,4.015,-62.53172488,-62.27578619,-62.00260556,-61.63614244,-12.34258932,-11.77932799,-11.14936413,-10.6621324,-6.63594343,-6.22738746,-5.79339366,-5.41820305,-6.41191265,-6.31747164,-6.27803038,-6.16073966
157,4.015,-1.27938174,0.90190041,-2.46760688,-60.63654068,4.005,4.01,4.02,-62.27578619,-62.00260556,-61.63614244,-61.22533362,-11.77932799,-11.14936413,-10.6621324,-10.15920945,-6.22738746,-5.79339366,-5.41820305,-5.03547903,-6.31747164,-6.27803038,-6.16073966,-6.07237298
158,4.02,-1.55303184,0.90131531,-4.01340673,-62.10108191,4.01,4.015,4.025,-62.00260556,-61.63614244,-61.22533362,-60.77797922,-11.14936413,-10.6621324,-10.15920945,-9.68804584,-5.79339366,-5.41820305,-5.03547903,-4.69545388,-6.27803038,-6.16073966,-6.07237298,-5.95295407
159,4.025,-1.85647068,0.89876104,-5.50751987,-63.61530734,4.015,4.02,4.03,-61.63614244,-61.22533362,-60.77797922,-60.28387047,-10.6621324,-10.15920945,-9.68804584,-9.28342194,-5.41820305,-5.03547903,-4.69545388,-4.36680438,-6.16073966,-6.07237298,-5.95295407,-5.86175549
160,4.03,-2.18883339,0.8948012,-6.93702624,-65.18493024,4.02,4.025,4.035,-61.22533362,-60.77797922,-60.28387047,-59.72848589,-10.15920945,-9.68804584,-9.28342194,-8.78461827,-5.03547903,-4.69545388,-4.36680438,-4.05418205,-6.07237298,-5.95295407,-5.86175549,-5.71414649
161,4.035,-2.53930278,0.89104226,-8.29157214,-66.81379819,4.025,4.03,4.04,-60.77797922,-60.28387047,-59.72848589,-59.14747596,-9.68804584,-9.28342194,-8.78461827,-8.36493842,-4.69545388,-4.36680438,-4.05418205,-3.786793,-5.95295407,-5.86175549,-5.71414649,-5.55852736
162,4.04,-2.90289272,0.88828094,-9.5645629,-68.50296012,4.03,4.035,4.045,-60.28387047,-59.72848589,-59.14747596,-58.50614934,-9.28342194,-8.78461827,-8.36493842,-8.04618239,-4.36680438,-4.05418205,-3.786793,-3.53866985,-5.86175549,-5.71414649,-5.55852736,-5.41417069
163,4.045,-3.27810268,0.8868462,-10.75451071,-70.25024105,4.035,4.04,4.05,-59.72848589,-59.14747596,-58.50614934,-57.78979046,-8.78461827,-8.36493842,-8.04618239,-7.7165673,-4.05418205,-3.786793,-3.53866985,-3.32572181,-5.71414649,-5.55852736,-5.41417069,-5.23383809
164,4.05,-3.65902377,0.8874552,-11.86359025,-72.04887276,4.04,4.045,4.055,-59.14747596,-58.50614934,-57.78979046,-57.07574952,-8.36493842,-8.04618239,-7.7165673,-7.25296083,-3.786793,-3.53866985,-3.32572181,-3.09737216,-5.55852736,-5.41417069,-5.23383809,-5.01392687
165,4.055,-4.03926703,0.89077006,-12.89583925,-73.88741719,4.045,4.05,4.06,-58.50614934,-57.78979046,-57.07574952,-56.30271674,-8.04618239,-7.7165673,-7.25296083,-6.95481771,-3.53866985,-3.32572181,-3.09737216,-2.94082916,-5.41417069,-5.23383809,-5.01392687,-4.81748091
166,4.06,-4.41218245,0.89738372,-13.85466368,-75.75098799,4.05,4.055,4.065,-57.78979046,-57.07574952,-56.30271674,-55.45034554,-7.7165673,-7.25296083,-6.95481771,-6.69662613,-3.32572181,-3.09737216,-2.94082916,-2.78520294,-5.23383809,-5.01392687,-4.81748091,-4.60001685
167,4.065,-4.7710302,0.90781219,-14.74272252,-77.62386968,4.055,4.06,4.07,-57.07574952,-56.30271674,-55.45034554,-54.58330145,-7.25296083,-6.95481771,-6.69662613,-6.30220308,-3.09737216,-2.94082916,-2.78520294,-2.63232127,-5.01392687,-4.81748091,-4.60001685,-4.34824721
168,4.07,-5.10917677,0.92249122,-15.56157256,-79.49138733,4.06,4.065,4.075,-56.30271674,-55.45034554,-54.58330145,-53.6552081,-6.95481771,-6.69662613,-6.30220308,-6.08262289,-2.94082916,-2.78520294,-2.63232127,-2.52709819,-4.81748091,-4.60001685,-4.34824721,-4.1442442
169,4.075,-5.42031237,0.94177529,-16.31255175,-81.34152089,4.065,4.07,4.08,-55.45034554,-54.58330145,-53.6552081,-52.6978431,-6.69662613,-6.30220308,-6.08262289,-5.80797384,-2.78520294,-2.63232127,-2.52709819,-2.41624988,-4.60001685,-4.34824721,-4.1442442,-3.91344835
170,4.08,-5.69864303,0.96593798,-16.99553507,-83.16515268,4.07,4.075,4.085,-54.58330145,-53.6552081,-52.6978431,-51.69222214,-6.30220308,-6.08262289,-5.80797384,-5.56138637,-2.63232127,-2.52709819,-2.41624988,-2.3212175,-4.34824721,-4.1442442,-3.91344835,-3.67534034
171,4.085,-5.9390597,0.99517187,-17.61050873,-84.95616801,4.075,4.08,4.09,-53.6552081,-52.6978431,-51.69222214,-50.66750681,-6.08262289,-5.80797384,-5.56138637,-5.22924559,-2.52709819,-2.41624988,-2.3212175,-2.25582752,-4.1442442,-3.91344835,-3.67534034,-3.39103699
172,4.09,-6.13725468,1.02958614,-18.16082558,-86.71151014,4.08,4.085,4.095,-52.6978431,-51.69222214,-50.66750681,-49.59866802,-5.80797384,-5.56138637,-5.22924559,-4.97693141,-2.41624988,-2.3212175,-2.25582752,-2.18173697,-3.91344835,-3.67534034,-3.39103699,-3.16292926
173,4.095,-6.28972309,1.06919925,-18.65383972,-88.43075727,4.085,4.09,4.1,-51.69222214,-50.66750681,-49.59866802,-48.48768352,-5.56138637,-5.22924559,-4.97693141,-4.76818822,-2.3212175,-2.25582752,-2.18173697,-2.11955204,-3.67534034,-3.39103699,-3.16292926,-2.94707467
174,4.1,-6.39366751,1.1139259,-19.09581425,-90.11476474,4.09,4.095,4.105,-50.66750681,-49.59866802,-48.48768352,-47.31844158,-5.22924559,-4.97693141,-4.76818822,-4.66051189,-2.25582752,-2.18173697,-2.11955204,-2.05765204,-3.39103699,-3.16292926,-2.94707467,-2.7693896
175,4.105,-6.44691023,1.1635587,-19.49013961,-91.76504655,4.095,4.1,4.11,-49.59866802,-48.48768352,-47.31844158,-46.14344657,-4.97693141,-4.76818822,-4.66051189,-4.38806578,-2.18173697,-2.11955204,-2.05765204,-2.02664997,-3.16292926,-2.94707467,-2.7693896,-2.52019678
176,4.11,-6.44789131,1.21774457,-19.8375543,-93.38304735,4.1,4.105,4.115,-48.48768352,-47.31844158,-46.14344657,-44.90864422,-4.76818822,-4.66051189,-4.38806578,-4.32868388,-2.11955204,-2.05765204,-2.02664997,-1.99340211,-2.94707467,-2.7693896,-2.52019678,-2.35302799
177,4.115,-6.39574378,1.27595508,-20.1367412,-94.96918428,4.105,4.11,4.12,-47.31844158,-46.14344657,-44.90864422,-43.66610706,-4.66051189,-4.38806578,-4.32868388,-4.09049852,-2.05765204,-2.02664997,-1.99340211,-1.96718486,-2.7693896,-2.52019678,-2.35302799,-2.13799486
178,4.12,-6.29041895,1.33745248,-20.38512842,-96.52243707,4.11,4.115,4.125,-46.14344657,-44.90864422,-43.66610706,-42.3714432,-4.38806578,-4.32868388,-4.09049852,-4.05404251,-2.02664997,-1.99340211,-1.96718486,-1.97353369,-2.52019678,-2.35302799,-2.13799486,-1.9622296
179,4.125,-6.13288667,1.40125467,-20.58024184,-98.04037897,4.115,4.12,4.13,-44.90864422,-43.66610706,-42.3714432,-41.05303874,-4.32868388,-4.09049852,-4.05404251,-3.90308841,-1.99340211,-1.96718486,-1.97353369,-1.97401437,-2.35302799,-2.13799486,-1.9622296,-1.7570297
180,4.13,-5.92546525,1.46610319,-20.71984786,-99.51959044,4.12,4.125,4.135,-43.66610706,-42.3714432,-41.05303874,-39.67059344,-4.09049852,-4.05404251,-3.90308841,-3.92262567,-1.96718486,-1.97353369,-1.97401437,-2.00453664,-2.13799486,-1.9622296,-1.7570297,-1.58414436
181,4.135,-5.79103364,1.5226577,-20.80374813,-100.9560484,4.125,4.13,4.14,-42.3714432,-41.05303874,-39.67059344,-38.24304577,-4.05404251,-3.90308841,-3.92262567,-3.95629069,-1.97353369,-1.97401437,-2.00453664,-2.03886096,-1.9622296,-1.7570297,-1.58414436,-1.40014896
182,4.14,-6.05074324,1.55053106,-20.83526896,-102.34553131,4.13,4.135,4.145,-41.05303874,-39.67059344,-38.24304577,-36.77937129,-3.90308841,-3.92262567,-3.95629069,-3.97177195,-1.97401437,-2.00453664,-2.03886096,-2.09312965,-1.7570297,-1.58414436,-1.40014896,-1.19639643
183,4.145,-6.40525791,1.56982968,-20.82072598,-103.68376911,4.135,4.14,4.15,-39.67059344,-38.24304577,-36.77937129,-35.28918533,-3.92262567,-3.95629069,-3.97177195,-4.02695889,-2.00453664,-2.03886096,-2.09312965,-2.14903234,-1.58414436,-1.40014896,-1.19639643,-1.00888155
184,4.15,-6.87174357,1.57888733,-20.7689115,-104.96670663,4.14,4.145,4.155,-38.24304577,-36.77937129,-35.28918533,-33.77293915,-3.95629069,-3.97177195,-4.02695889,-4.09535844,-2.03886096,-2.09312965,-2.14903234,-2.2210581,-1.40014896,-1.19639643,-1.00888155,-0.81785201
185,4.155,-7.46588942,1.57615185,-20.6894149,-106.19132066,4.145,4.15,4.16,-36.77937129,-35.28918533,-33.77293915,-32.22864012,-3.97177195,-4.02695889,-4.09535844,-4.17881585,-2.09312965,-2.14903234,-2.2210581,-2.28047449,-1.19639643,-1.00888155,-0.81785201,-0.64943816
186,4.16,-8.20064141,1.56027287,-20.59023923,-107.35620557,4.15,4.155,4.165,-35.28918533,-33.77293915,-32.22864012,-30.67217301,-4.02695889,-4.09535844,-4.17881585,-4.28170306,-2.14903234,-2.2210581,-2.28047449,-2.3468869,-1.00888155,-0.81785201,-0.64943816,-0.49291527
187,4.165,-9.08478324,1.53018456,-20.47716319,-108.46140821,4.155,4.16,4.17,-33.77293915,-32.22864012,-30.67217301,-29.07059368,-4.09535844,-4.17881585,-4.28170306,-4.4048896,-2.2210581,-2.28047449,-2.3468869,-2.44110165,-0.81785201,-0.64943816,-0.49291527,-0.32611757
188,4.17,-10.28490255,1.50111437,-20.35406617,-109.50872917,4.16,4.165,4.175,-32.22864012,-30.67217301,-29.07059368,-27.47517746,-4.17881585,-4.28170306,-4.4048896,-4.48576564,-2.28047449,-2.3468869,-2.44110165,-2.51696219,-0.64943816,-0.49291527,-0.32611757,-0.17237506
189,4.175,-11.63104992,1.46235316,-20.22305062,-110.50203963,4.165,4.17,4.18,-30.67217301,-29.07059368,-27.47517746,-25.83446963,-4.28170306,-4.4048896,-4.48576564,-4.57972181,-2.3468869,-2.44110165,-2.51696219,-2.61993,-0.49291527,-0.32611757,-0.17237506,-0.00183896
190,4.18,-13.057303,1.4097875,-20.08424088,-111.44671761,4.17,4.175,4.185,-29.07059368,-27.47517746,-25.83446963,-24.21691582,-4.4048896,-4.48576564,-4.57972181,-4.67979353,-2.44110165,-2.51696219,-2.61993,-2.72736752,-0.32611757,-0.17237506,-0.00183896,0.15400326
191,4.185,-14.53215414,1.34276102,-19.93551707,-112.34916517,4.175,4.18,4.19,-27.47517746,-25.83446963,-24.21691582,-22.59027983,-4.48576564,-4.57972181,-4.67979353,-4.78728622,-2.51696219,-2.61993,-2.72736752,-2.83134134,-0.17237506,-0.00183896,0.15400326,0.29661418
192,4.19,-16.02031018,1.2606798,-19.77336193,-113.21750903,4.18,4.185,4.195,-25.83446963,-24.21691582,-22.59027983,-20.95842912,-4.57972181,-4.67979353,-4.78728622,-4.90151859,-2.61993,-2.72736752,-2.83134134,-2.94157563,-0.00183896,0.15400326,0.29661418,0.43058472
193,4.195,-17.4852345,1.16301083,-19.59375571,-114.06131613,4.185,4.19,4.2,-24.21691582,-22.59027983,-20.95842912,-19.32981706,-4.67979353,-4.78728622,-4.90151859,-5.0391134,-2.72736752,-2.83134134,-2.94157563,-3.05465346,0.15400326,0.29661418,0.43058472,0.56284955
194,4.2,-18.02351904,1.0276474,-19.39319775,-114.89086421,4.19,4.195,4.205,-22.59027983,-20.95842912,-19.32981706,-17.69687584,-4.78728622,-4.90151859,-5.0391134,-5.19103985,-2.83134134,-2.94157563,-3.05465346,-3.17981815,0.29661418,0.43058472,0.56284955,0.68708768
195,4.205,-18.59584507,0.87164722,-19.16837014,-115.71638159,4.195,4.2,4.21,-20.95842912,-19.32981706,-17.69687584,-16.07988196,-4.90151859,-5.0391134,-5.19103985,-5.38646215,-2.94157563,-3.05465346,-3.17981815,-3.29235812,0.43058472,0.56284955,0.68708768,0.7872617
196,4.21,-19.38774244,0.70170936,-18.91583736,-116.5475789,4.2,4.205,4.215,-19.32981706,-17.69687584,-16.07988196,-14.43284694,-5.0391134,-5.19103985,-5.38646215,-5.5904054,-3.05465346,-3.17981815,-3.29235812,-3.44550891,0.56284955,0.68708768,0.7872617,0.92536167
197,4.215,-20.38883512,0.52130561,-18.63241485,-117.39322654,4.205,4.21,4.22,-17.69687584,-16.07988196,-14.43284694,-12.82357112,-5.19103985,-5.38646215,-5.5904054,-5.82846096,-3.17981815,-3.29235812,-3.44550891,-3.58842473,0.68708768,0.7872617,0.92536167,1.03942138
198,4.22,-21.57364307,0.33431068,-18.31477361,-118.26030673,4.21,4.215,4.225,-16.07988196,-14.43284694,-12.82357112,-11.2497047,-5.38646215,-5.5904054,-5.82846096,-6.08588053,-3.29235812,-3.44550891,-3.58842473,-3.74361501,0.7872617,0.92536167,1.03942138,1.14829211
199,4.225,-22.90267253,0.14479581,-17.95887703,-119.15255775,4.215,4.22,4.23,-14.43284694,-12.82357112,-11.2497047,-9.73521655,-5.5904054,-5.82846096,-6.08588053,-6.34931873,-3.44550891,-3.58842473,-3.74361501,-3.91059985,0.92536167,1.03942138,1.14829211,1.25599041
200,4.23,-24.34103207,-0.04224584,-17.5610678,-120.07047838,4.22,4.225,4.235,-12.82357112,-11.2497047,-9.73521655,-8.30620853,-5.82846096,-6.08588053,-6.34931873,-6.61525825,-3.58842473,-3.74361501,-3.91059985,-4.082834,1.03942138,1.14829211,1.25599041,1.36397524
201,4.235,-25.93953744,-0.2153944,-17.11911316,-121.01154143,4.225,4.23,4.24,-11.2497047,-9.73521655,-8.30620853,-6.98344686,-6.08588053,-6.34931873,-6.61525825,-6.84164924,-3.74361501,-3.91059985,-4.082834,-4.27410386,1.14829211,1.25599041,1.36397524,1.46412708
202,4.24,-27.39179521,-0.38473651,-16.63238775,-121.97105831,4.23,4.235,4.245,-9.73521655,-8.30620853,-6.98344686,-5.78356682,-6.34931873,-6.61525825,-6.84164924,-7.07641391,-3.91059985,-4.082834,-4.27410386,-4.46883006,1.25599041,1.36397524,1.46412708,1.57161406
203,4.245,-28.66135452,-0.54659323,-16.10162143,-122.94223175,4.235,4.24,4.25,-8.30620853,-6.98344686,-5.78356682,-4.76337872,-6.61525825,-6.84164924,-7.07641391,-7.27212434,-4.082834,-4.27410386,-4.46883006,-4.65473424,1.36397524,1.46412708,1.57161406,1.65436095
204,4.25,-29.7145814,-0.69714606,-15.52791298,-123.91533793,4.24,4.245,4.255,-6.98344686,-5.78356682,-4.76337872,-3.87814694,-6.84164924,-7.07641391,-7.27212434,-7.44105688,-4.27410386,-4.46883006,-4.65473424,-4.89122478,1.46412708,1.57161406,1.65436095,1.78672617
205,4.255,-30.52126441,-0.8325953,-14.91191962,-124.87777087,4.245,4.25,4.26,-5.78356682,-4.76337872,-3.87814694,-3.21542549,-7.07641391,-7.27212434,-7.44105688,-7.51251299,-4.46883006,-4.65473424,-4.89122478,-5.07784691,1.57161406,1.65436095,1.78672617,1.8671123
206,4.26,-31.05527607,-0.9493484,-14.25348973,-125.81481645,4.25,4.255,4.265,-4.76337872,-3.87814694,-3.21542549,-2.73807754,-7.27212434,-7.44105688,-7.51251299,-7.63948802,-4.65473424,-4.89122478,-5.07784691,-5.25016165,1.65436095,1.78672617,1.8671123,1.94815361
207,4.265,-31.29532236,-1.04421709,-13.55223525,-126.71143797,4.255,4.26,4.27,-3.87814694,-3.21542549,-2.73807754,-2.48549633,-7.44105688,-7.51251299,-7.63948802,-7.60518035,-4.89122478,-5.07784691,-5.25016165,-5.49181402,1.78672617,1.8671123,1.94815361,2.04158888
208,4.27,-31.22581557,-1.11460049,-12.80930968,-127.55448541,4.26,4.265,4.275,-3.21542549,-2.73807754,-2.48549633,-2.39587563,-7.51251299,-7.63948802,-7.60518035,-7.64845856,-5.07784691,-5.25016165,-5.49181402,-5.71653018,1.8671123,1.94815361,2.04158888,2.10024373
209,4.275,-30.83785256,-1.15863274,-12.02751272,-128.33297183,4.265,4.27,4.28,-2.73807754,-2.48549633,-2.39587563,-2.50736091,-7.63948802,-7.60518035,-7.64845856,-7.636669,-5.25016165,-5.49181402,-5.71653018,-5.94082032,1.94815361,2.04158888,2.10024373,2.15462736
210,4.28,-30.13017469,-1.17527616,-11.20960801,-129.03779189,4.27,4.275,4.285,-2.48549633,-2.39587563,-2.50736091,-2.76680362,-7.60518035,-7.64845856,-7.636669,-7.62510025,-5.49181402,-5.71653018,-5.94082032,-6.14969338,2.04158888,2.10024373,2.15462736,2.17742598
211,4.285,-29.10995343,-1.1643487,-10.35873817,-129.66169879,4.275,4.28,4.29,-2.39587563,-2.50736091,-2.76680362,-3.18583891,-7.64845856,-7.636669,-7.62510025,-7.59569495,-5.71653018,-5.94082032,-6.14969338,-6.3820813,2.10024373,2.15462736,2.17742598,2.19553946
212,4.29,-27.79326802,-1.12648531,-9.47893096,-130.19924837,4.28,4.285,4.295,-2.50736091,-2.76680362,-3.18583891,-3.74068939,-7.636669,-7.62510025,-7.59569495,-7.54451823,-5.94082032,-6.14969338,-6.3820813,-6.61547122,2.15462736,2.17742598,2.19553946,2.19512981
213,4.295,-26.20516059,-1.06304233,-8.57437105,-130.64596765,4.285,4.29,4.3,-2.76680362,-3.18583891,-3.74068939,-4.3541292,-7.62510025,-7.59569495,-7.54451823,-7.50455247,-6.14969338,-6.3820813,-6.61547122,-6.84881894,2.17742598,2.19553946,2.19512981,2.16791616
214,4.3,-24.37919208,-0.97595921,-7.64850969,-130.99737424,4.29,4.295,4.305,-3.18583891,-3.74068939,-4.3541292,-5.04332149,-7.59569495,-7.54451823,-7.50455247,-7.45137136,-6.3820813,-6.61547122,-6.84881894,-7.09936335,2.19553946,2.19512981,2.16791616,2.13832269
215,4.305,-22.35647886,-0.86759554,-6.70376897,-131.24782215,4.295,4.3,4.31,-3.74068939,-4.3541292,-5.04332149,-5.78063687,-7.54451823,-7.50455247,-7.45137136,-7.33114527,-6.61547122,-6.84881894,-7.09936335,-7.36483092,2.19512981,2.16791616,2.13832269,2.08721165
216,4.31,-20.18424344,-0.74056301,-5.74187045,-131.38927153,4.3,4.305,4.315,-4.3541292,-5.04332149,-5.78063687,-6.54502383,-7.50455247,-7.45137136,-7.33114527,-7.24551972,-6.84881894,-7.09936335,-7.36483092,-7.6247538,2.16791616,2.13832269,2.08721165,2.02550646
217,4.315,-17.91396069,-0.59757102,-4.76509069,-131.41079433,4.305,4.31,4.32,-5.04332149,-5.78063687,-6.54502383,-7.30828099,-7.45137136,-7.33114527,-7.24551972,-7.10392726,-7.09936335,-7.36483092,-7.6247538,-7.91272189,2.13832269,2.08721165,2.02550646,1.94633662
218,4.32,-15.59922385,-0.4413004,-3.77611764,-131.29796449,4.31,4.315,4.325,-5.78063687,-6.54502383,-7.30828099,-8.06196188,-7.33114527,-7.24551972,-7.10392726,-6.94773036,-7.36483092,-7.6247538,-7.91272189,-8.20797525,2.08721165,2.02550646,1.94633662,1.85060528
219,4.325,-13.2934788,-0.27431518,-2.77701788,-131.03286838,4.315,4.32,4.33,-6.54502383,-7.30828099,-8.06196188,-8.78869067,-7.24551972,-7.10392726,-6.94773036,-6.79156816,-7.6247538,-7.91272189,-8.20797525,-8.50294803,2.02550646,1.94633662,1.85060528,1.73820203
220,4.33,-11.04777553,-0.09901813,-1.76747793,-130.59475095,4.32,4.325,4.335,-7.30828099,-8.06196188,-8.78869067,-9.46575178,-7.10392726,-6.94773036,-6.79156816,-6.66672472,-7.91272189,-8.20797525,-8.50294803,-8.82758817,1.94633662,1.85060528,1.73820203,1.59389091
221,4.335,-8.90867165,0.08234984,-0.74296188,-129.96026527,4.325,4.33,4.34,-8.06196188,-8.78869067,-9.46575178,-10.08729257,-6.94773036,-6.79156816,-6.66672472,-6.6105157,-8.20797525,-8.50294803,-8.82758817,-9.17826469,1.85060528,1.73820203,1.59389091,1.43498269
222,4.34,-6.91641292,0.26767342,0.30617873,-129.10351135,4.33,4.335,4.345,-8.78869067,-9.46575178,-10.08729257,-10.63191209,-6.79156816,-6.66672472,-6.6105157,-6.65871658,-8.50294803,-8.82758817,-9.17826469,-9.54333193,1.73820203,1.59389091,1.43498269,1.25973239
223,4.345,-12.96707324,0.59502135,1.39465603,-127.99606493,4.335,4.34,4.35,-9.46575178,-10.08729257,-10.63191209,-11.08564326,-6.66672472,-6.6105157,-6.65871658,-6.87186092,-8.82758817,-9.17826469,-9.54333193,-9.91229187,1.59389091,1.43498269,1.25973239,1.00732682
224,4.35,-13.98460378,1.37563623,2.5395017,-126.60631611,4.34,4.345,4.355,-10.08729257,-10.63191209,-11.08564326,-11.44897941,-6.6105157,-6.65871658,-6.87186092,-7.24465114,-9.17826469,-9.54333193,-9.91229187,-10.33338876,1.43498269,1.25973239,1.00732682,0.75212991
225,4.355,-14.79375041,2.49782738,3.75616271,-124.89930288,4.345,4.35,4.36,-10.63191209,-11.08564326,-11.44897941,-11.72807726,-6.65871658,-6.87186092,-7.24465114,-7.78604522,-9.54333193,-9.91229187,-10.33338876,-10.78253591,1.25973239,1.00732682,0.75212991,0.47290772
226,4.36,-14.70495212,3.99260986,5.04816872,-122.83648743,4.35,4.355,4.365,-11.08564326,-11.44897941,-11.72807726,-11.93350582,-6.87186092,-7.24465114,-7.78604522,-8.52121774,-9.91229187,-10.33338876,-10.78253591,-11.26866415,1.00732682,0.75212991,0.47290772,0.13229026
227,4.365,-12.90098963,5.82879445,6.4150436,-120.37278331,4.355,4.36,4.37,-11.44897941,-11.72807726,-11.93350582,-12.08447371,-7.24465114,-7.78604522,-8.52121774,-9.42092469,-10.33338876,-10.78253591,-11.26866415,-11.78042381,0.75212991,0.47290772,0.13229026,-0.24572754
228,4.37,-8.8413354,7.91518706,7.84326385,-117.46057792,4.36,4.365,4.375,-11.72807726,-11.93350582,-12.08447371,-12.20426975,-7.78604522,-8.52121774,-9.42092469,-10.41290931,-10.78253591,-11.26866415,-11.78042381,-12.32849813,0.47290772,0.13229026,-0.24572754,-0.69670173
229,4.375,-2.83430666,10.08639891,9.31636206,-114.07208986,4.365,4.37,4.38,-11.93350582,-12.08447371,-12.20426975,-12.34295077,-8.52121774,-9.42092469,-10.41290931,-11.41026389,-11.26866415,-11.78042381,-12.32849813,-12.95812473,0.13229026,-0.24572754,-0.69670173,-1.17914811
230,4.38,4.0952698,12.11627725,10.80041971,-110.18428105,4.37,4.375,4.385,-12.08447371,-12.20426975,-12.34295077,-12.53060444,-9.42092469,-10.41290931,-11.41026389,-12.45909392,-11.78042381,-12.32849813,-12.95812473,-13.60541863,-0.24572754,-0.69670173,-1.17914811,-1.73206694
231,4.385,10.94068929,13.81775373,12.25310703,-105.78139321,4.375,4.38,4.39,-12.20426975,-12.34295077,-12.53060444,-12.76612815,-10.41290931,-11.41026389,-12.45909392,-13.40764721,-12.32849813,-12.95812473,-13.60541863,-14.2554951,-0.69670173,-1.17914811,-1.73206694,-2.41394997
232,4.39,16.76906367,15.02120366,13.61005032,-100.8665355,4.38,4.385,4.395,-12.34295077,-12.53060444,-12.76612815,-13.08077859,-11.41026389,-12.45909392,-13.40764721,-14.21446417,-12.95812473,-13.60541863,-14.2554951,-14.98113703,-1.17914811,-1.73206694,-2.41394997,-3.15818673
233,4.395,21.11950638,15.64944194,14.80411407,-95.4467166,4.385,4.39,4.4,-12.53060444,-12.76612815,-13.08077859,-13.47544578,-12.45909392,-13.40764721,-14.21446417,-14.83774358,-13.60541863,-14.2554951,-14.98113703,-15.75361955,-1.73206694,-2.41394997,-3.15818673,-3.99670347
234,4.4,24.27989593,15.76609969,15.77032046,-89.53929706,4.39,4.395,4.405,-12.76612815,-13.08077859,-13.47544578,-13.93965001,-13.40764721,-14.21446417,-14.83774358,-15.29217358,-14.2554951,-14.98113703,-15.75361955,-16.60550346,-2.41394997,-3.15818673,-3.99670347,-4.91477855
235,4.405,26.85518887,15.48898401,16.45011586,-83.17747469,4.395,4.4,4.41,-13.08077859,-13.47544578,-13.93965001,-14.45652026,-14.21446417,-14.83774358,-15.29217358,-15.46930865,-14.98113703,-15.75361955,-16.60550346,-17.44851806,-3.15818673,-3.99670347,-4.91477855,-6.01524099
236,4.41,29.60730435,14.97620815,16.80365257,-76.40231211,4.4,4.405,4.415,-13.47544578,-13.93965001,-14.45652026,-14.99863554,-14.83774358,-15.29217358,-15.46930865,-15.56996879,-15.75361955,-16.60550346,-17.44851806,-18.42046799,-3.99670347,-4.91477855,-6.01524099,-7.11978519
237,4.415,32.93995581,14.33142359,16.80812408,-69.27599517,4.405,4.41,4.42,-13.93965001,-14.45652026,-14.99863554,-15.55552561,-15.29217358,-15.46930865,-15.56996879,-15.48138818,-16.60550346,-17.44851806,-18.42046799,-19.42211595,-4.91477855,-6.01524099,-7.11978519,-8.41704474
238,4.42,36.73886223,13.56788737,16.47240008,-61.88169141,4.41,4.415,4.425,-14.45652026,-14.99863554,-15.55552561,-16.14775349,-15.46930865,-15.56996879,-15.48138818,-15.15933225,-17.44851806,-18.42046799,-19.42211595,-20.41952106,-6.01524099,-7.11978519,-8.41704474,-10.01901626
239,4.425,40.71118464,12.67690098,15.80340087,-54.31494494,4.415,4.42,4.43,-14.99863554,-15.55552561,-16.14775349,-16.72436784,-15.56996879,-15.48138818,-15.15933225,-14.75790231,-18.42046799,-19.42211595,-20.41952106,-21.51709559,-7.11978519,-8.41704474,-10.01901626,-11.65204047
240,4.43,44.540414,11.64701231,14.85740365,-46.70604652,4.42,4.425,4.435,-15.55552561,-16.14775349,-16.72436784,-17.25832522,-15.48138818,-15.15933225,-14.75790231,-14.31290914,-19.42211595,-20.41952106,-21.51709559,-22.68035472,-8.41704474,-10.01901626,-11.65204047,-13.43037468
241,4.435,48.08109091,10.49605969,13.7538052,-39.20062932,4.425,4.43,4.44,-16.14775349,-16.72436784,-17.25832522,-17.77177762,-15.15933225,-14.75790231,-14.31290914,-13.78874271,-20.41952106,-21.51709559,-22.68035472,-23.86925853,-10.01901626,-11.65204047,-13.43037468,-15.38261011
242,4.44,51.37317564,9.26936304,12.55597058,-31.96253762,4.43,4.435,4.445,-16.72436784,-17.25832522,-17.77177762,-18.24914166,-14.75790231,-14.31290914,-13.78874271,-13.2319068,-21.51709559,-22.68035472,-23.86925853,-25.09761891,-11.65204047,-13.43037468,-15.38261011,-17.49695209
243,4.445,54.38706796,7.99223475,11.31419385,-25.16905819,4.435,4.44,4.45,-17.25832522,-17.77177762,-18.24914166,-18.68490654,-14.31290914,-13.78874271,-13.2319068,-12.65802156,-22.68035472,-23.86925853,-25.09761891,-26.3646007,-13.43037468,-15.38261011,-17.49695209,-19.70289362
244,4.45,57.07844706,6.68339847,10.05335997,-18.98764725,4.44,4.445,4.455,-17.77177762,-18.24914166,-18.68490654,-19.07037932,-13.78874271,-13.2319068,-12.65802156,-12.0944061,-23.86925853,-25.09761891,-26.3646007,-27.67777596,-15.38261011,-17.49695209,-19.70289362,-21.94880538
245,4.455,59.40313102,5.35336083,8.76387238,-13.55991505,4.445,4.45,4.46,-18.24914166,-18.68490654,-19.07037932,-19.39898738,-13.2319068,-12.65802156,-12.0944061,-11.55139286,-25.09761891,-26.3646007,-27.67777596,-29.04299222,-17.49695209,-19.70289362,-21.94880538,-24.15276066
246,4.46,61.27969916,3.99641536,7.39708205,-8.98890445,4.45,4.455,4.465,-18.68490654,-19.07037932,-19.39898738,-19.66486844,-12.65802156,-12.0944061,-11.55139286,-11.04800804,-26.3646007,-27.67777596,-29.04299222,-30.45254454,-19.70289362,-21.94880538,-24.15276066,-26.28874738
247,4.465,62.67247588,2.6128127,5.91122245,-5.31204353,4.455,4.46,4.47,-19.07037932,-19.39898738,-19.66486844,-19.85993564,-12.0944061,-11.55139286,-11.04800804,-10.57598762,-27.67777596,-29.04299222,-30.45254454,-31.90620058,-21.94880538,-24.15276066,-26.28874738,-28.27818882
248,4.47,63.53690562,1.19589931,4.34337697,-2.48827612,4.46,4.465,4.475,-19.39898738,-19.66486844,-19.85993564,-19.97096154,-11.55139286,-11.04800804,-10.57598762,-10.13077709,-29.04299222,-30.45254454,-31.90620058,-33.4339409,-24.15276066,-26.28874738,-28.27818882,-29.92043983
249,4.475,63.87029864,-0.25412222,-1.77235128,1.8015026,4.465,4.47,4.48,-19.66486844,-19.85993564,-19.97096154,-20.02430518,-11.04800804,-10.57598762,-10.13077709,-9.69565791,-30.45254454,-31.90620058,-33.4339409,-34.92151958,-26.28874738,-28.27818882,-29.92043983,-31.61294775
250,4.48,63.71073272,-1.72882323,-1.86083491,1.91649474,4.47,4.475,4.485,-19.85993564,-19.97096154,-20.02430518,-20.00559712,-10.57598762,-10.13077709,-9.69565791,-9.30930408,-31.90620058,-33.4339409,-34.92151958,-36.48934043,-28.27818882,-29.92043983,-31.61294775,-32.87117488
251,4.485,63.10302638,-3.21911507,-1.75333822,2.03522932,4.475,4.48,4.49,-19.97096154,-20.02430518,-20.00559712,-19.93215974,-10.13077709,-9.69565791,-9.30930408,-8.92039174,-33.4339409,-34.92151958,-36.48934043,-38.06223819,-29.92043983,-31.61294775,-32.87117488,-34.02228044
252,4.49,62.09607365,-4.71718077,-1.44018519,2.15554677,4.48,4.485,4.495,-20.02430518,-20.00559712,-19.93215974,-19.77414822,-9.69565791,-9.30930408,-8.92039174,-8.57987339,-34.92151958,-36.48934043,-38.06223819,-39.65762877,-31.61294775,-32.87117488,-34.02228044,-34.83656249
253,4.495,60.74660877,-6.21368691,-0.92543477,2.27412491,4.485,4.49,4.5,-20.00559712,-19.93215974,-19.77414822,-19.56257543,-9.30930408,-8.92039174,-8.57987339,-8.26077212,-36.48934043,-38.06223819,-39.65762877,-41.27019618,-32.87117488,-34.02228044,-34.83656249,-35.34753806
254,4.5,59.08905903,-7.70601411,-0.33557048,2.37830788,4.49,4.495,4.505,-19.93215974,-19.77414822,-19.56257543,-19.31401353,-8.92039174,-8.57987339,-8.26077212,-7.93522135,-38.06223819,-39.65762877,-41.27019618,-42.88737999,-34.02228044,-34.83656249,-35.34753806,-35.6349343
255,4.505,57.16453788,-9.19080725,0.41912692,2.47119085,4.495,4.5,4.51,-19.77414822,-19.56257543,-19.31401353,-19.01439502,-8.57987339,-8.26077212,-7.93522135,-7.67278111,-39.65762877,-41.27019618,-42.88737999,-44.4903747,-34.83656249,-35.34753806,-35.6349343,-35.62412817
256,4.51,55.0202784,-10.66323952,1.31664981,2.54869206,4.5,4.505,4.515,-19.56257543,-19.31401353,-19.01439502,-18.64695425,-8.26077212,-7.93522135,-7.67278111,-7.44020428,-41.27019618,-42.88737999,-44.4903747,-46.03560004,-35.34753806,-35.6349343,-35.62412817,-35.39852513
257,4.515,52.6841387,-12.12372911,2.31636751,2.60602173,4.505,4.51,4.52,-19.31401353,-19.01439502,-18.64695425,-18.31311607,-7.93522135,-7.67278111,-7.44020428,-7.18417694,-42.88737999,-44.4903747,-46.03560004,-47.59339995,-35.6349343,-35.62412817,-35.39852513,-34.82850926
258,4.52,50.21413237,-13.56730207,3.37336606,2.63895836,4.51,4.515,4.525,-19.01439502,-18.64695425,-18.31311607,-17.90811178,-7.67278111,-7.44020428,-7.18417694,-6.98262693,-44.4903747,-46.03560004,-47.59339995,-49.03759212,-35.62412817,-35.39852513,-34.82850926,-34.181787
259,4.525,47.65423208,-14.991401,4.44168056,2.64428088,4.515,4.52,4.53,-18.64695425,-18.31311607,-17.90811178,-17.50443388,-7.44020428,-7.18417694,-6.98262693,-6.77420336,-46.03560004,-47.59339995,-49.03759212,-50.44258207,-35.39852513,-34.82850926,-34.181787,-33.3266279
260,4.53,45.03583716,-16.39524968,5.47725716,2.62011249,4.52,4.525,4.535,-18.31311607,-17.90811178,-17.50443388,-17.11739709,-7.18417694,-6.98262693,-6.77420336,-6.55418421,-47.59339995,-49.03759212,-50.44258207,-51.79846131,-34.82850926,-34.181787,-33.3266279,-32.29672615
261,4.535,42.3933691,-17.77742077,6.44040278,2.56613663,4.525,4.53,4.54,-17.90811178,-17.50443388,-17.11739709,-16.70250601,-6.98262693,-6.77420336,-6.55418421,-6.40438194,-49.03759212,-50.44258207,-51.79846131,-53.09674297,-34.181787,-33.3266279,-32.29672615,-31.13672225
262,4.54,39.73808932,-19.1416325,7.2975979,2.4836585,4.53,4.535,4.545,-17.50443388,-17.11739709,-16.70250601,-16.2619301,-6.77420336,-6.55418421,-6.40438194,-6.2377844,-50.44258207,-51.79846131,-53.09674297,-54.25068555,-33.3266279,-32.29672615,-31.13672225,-30.10905142
263,4.545,37.07813921,-20.49264578,8.02261566,2.37550546,4.535,4.54,4.55,-17.11739709,-16.70250601,-16.2619301,-15.82951748,-6.55418421,-6.40438194,-6.2377844,-6.08752253,-51.79846131,-53.09674297,-54.25068555,-55.37041026,-32.29672615,-31.13672225,-30.10905142,-28.95439903
264,4.55,34.4286256,-21.83429386,8.59693582,2.24578513,4.54,4.545,4.555,-16.70250601,-16.2619301,-15.82951748,-15.36318847,-6.40438194,-6.2377844,-6.08752253,-5.95450241,-53.09674297,-54.25068555,-55.37041026,-56.3525618,-31.13672225,-30.10905142,-28.95439903,-28.00933501
265,4.555,31.80489173,-23.17103314,9.00952275,2.09954019,4.545,4.55,4.56,-16.2619301,-15.82951748,-15.36318847,-14.94417721,-6.2377844,-6.08752253,-5.95450241,-5.81107656,-54.25068555,-55.37041026,-56.3525618,-57.27654075,-30.10905142,-28.95439903,-28.00933501,-26.99730385
266,4.56,29.22087738,-24.50762583,9.25613048,1.94234658,4.55,4.555,4.565,-15.82951748,-15.36318847,-14.94417721,-14.46341474,-6.08752253,-5.95450241,-5.81107656,-5.67421666,-55.37041026,-56.3525618,-57.27654075,-58.11460892,-28.95439903,-28.00933501,-26.99730385,-25.98705836
267,4.565,26.69534274,-25.84855766,9.33835959,1.77990253,4.555,4.56,4.57,-15.36318847,-14.94417721,-14.46341474,-14.00047806,-5.95450241,-5.81107656,-5.67421666,-5.55082818,-56.3525618,-57.27654075,-58.11460892,-58.86555523,-28.00933501,-26.99730385,-25.98705836,-25.1703061
268,4.57,24.23453683,-27.2004407,9.26266734,1.61764962,4.56,4.565,4.575,-14.94417721,-14.46341474,-14.00047806,-13.54729736,-5.81107656,-5.67421666,-5.55082818,-5.41155695,-57.27654075,-58.11460892,-58.86555523,-59.53367755,-26.99730385,-25.98705836,-25.1703061,-24.33113658
269,4.575,21.84585841,-28.56883012,9.03942181,1.46045995,4.565,4.57,4.58,-14.46341474,-14.00047806,-13.54729736,-13.07786777,-5.67421666,-5.55082818,-5.41155695,-5.32031372,-58.11460892,-58.86555523,-59.53367755,-60.12583941,-25.98705836,-25.1703061,-24.33113658,-23.57363679
270,4.58,19.53396741,-29.95964837,8.68202788,1.31241275,4.57,4.575,4.585,-14.00047806,-13.54729736,-13.07786777,-12.60761806,-5.55082818,-5.41155695,-5.32031372,-5.19278246,-58.86555523,-59.53367755,-60.12583941,-60.6320537,-25.1703061,-24.33113658,-23.57363679,-22.84320526
271,4.585,17.29939458,-31.37874463,8.21890708,1.17812468,4.575,4.58,4.59,-13.54729736,-13.07786777,-12.60761806,-12.12868641,-5.41155695,-5.32031372,-5.19278246,-5.09280629,-59.53367755,-60.12583941,-60.6320537,-61.05633929,-24.33113658,-23.57363679,-22.84320526,-22.12811119
272,4.59,15.14710762,-32.82926897,7.64252037,1.05717771,4.58,4.585,4.595,-13.07786777,-12.60761806,-12.12868641,-11.67784418,-5.32031372,-5.19278246,-5.09280629,-4.97999561,-60.12583941,-60.6320537,-61.05633929,-61.41443258,-23.57363679,-22.84320526,-22.12811119,-21.46901219
273,4.595,13.07428732,-34.31402695,6.97603315,0.95126042,4.585,4.59,4.6,-12.60761806,-12.12868641,-11.67784418,-11.22145936,-5.19278246,-5.09280629,-4.97999561,-4.88079747,-60.6320537,-61.05633929,-61.41443258,-61.69827239,-22.84320526,-22.12811119,-21.46901219,-20.80092457
274,4.6,11.08025905,-35.83306834,6.24266474,0.86126219,4.59,4.595,4.605,-12.12868641,-11.67784418,-11.22145936,-10.76098864,-5.09280629,-4.97999561,-4.88079747,-4.78352774,-61.05633929,-61.41443258,-61.69827239,-61.92243175,-22.12811119,-21.46901219,-20.80092457,-20.14590963
275,4.605,9.16020155,-37.38522109,5.4642081,0.78728412,4.595,4.6,4.61,-11.67784418,-11.22145936,-10.76098864,-10.31988172,-4.97999561,-4.88079747,-4.78352774,-4.68573189,-61.41443258,-61.69827239,-61.92243175,-62.07735903,-21.46901219,-20.80092457,-20.14590963,-19.48938593
276,4.61,7.30635927,-38.9688281,4.66078659,0.72879833,4.6,4.605,4.615,-11.22145936,-10.76098864,-10.31988172,-9.88589636,-4.88079747,-4.78352774,-4.68573189,-4.59257644,-61.69827239,-61.92243175,-62.07735903,-62.17073752,-20.80092457,-20.14590963,-19.48938593,-18.83537236
277,4.615,5.50690368,-40.58145572,3.85063897,0.68481066,4.605,4.61,4.62,-10.76098864,-10.31988172,-9.88589636,-9.47827117,-4.78352774,-4.68573189,-4.59257644,-4.49837946,-61.92243175,-62.07735903,-62.17073752,-62.2067578,-20.14590963,-19.48938593,-18.83537236,-18.17816579
278,4.62,3.74232372,-42.22107165,3.04992838,0.65401075,4.61,4.615,4.625,-10.31988172,-9.88589636,-9.47827117,-9.04119593,-4.68573189,-4.59257644,-4.49837946,-4.42066717,-62.07735903,-62.17073752,-62.2067578,-62.18240708,-19.48938593,-18.83537236,-18.17816579,-17.54395603
279,4.625,2.01502711,-43.88617761,2.27258169,0.63489924,4.615,4.62,4.63,-9.88589636,-9.47827117,-9.04119593,-8.64596287,-4.59257644,-4.49837946,-4.42066717,-4.32337079,-62.17073752,-62.2067578,-62.18240708,-62.11415446,-18.83537236,-18.17816579,-17.54395603,-16.92215556
280,4.63,0.33049333,-45.57447376,1.53016257,0.62588826,4.62,4.625,4.635,-9.47827117,-9.04119593,-8.64596287,-8.26962944,-4.49837946,-4.42066717,-4.32337079,-4.18428334,-62.2067578,-62.18240708,-62.11415446,-62.00221841,-18.17816579,-17.54395603,-16.92215556,-16.32798633
281,4.635,-1.30292652,-47.28386817,0.83178517,0.62537587,4.625,4.63,4.64,-9.04119593,-8.64596287,-8.26962944,-7.8909244,-4.42066717,-4.32337079,-4.18428334,-4.12797886,-62.18240708,-62.11415446,-62.00221841,-61.82681409,-17.54395603,-16.92215556,-16.32798633,-15.72101942
282,4.64,-2.87924615,-49.01348419,0.18408445,0.63179751,4.63,4.635,4.645,-8.64596287,-8.26962944,-7.8909244,-7.53875286,-4.32337079,-4.18428334,-4.12797886,-4.01911446,-62.11415446,-62.00221841,-61.82681409,-61.61098151,-16.92215556,-16.32798633,-15.72101942,-15.14430174
283,4.645,-4.38646095,-50.76158582,-0.40874166,0.64365813,4.635,4.64,4.65,-8.26962944,-7.8909244,-7.53875286,-7.22222389,-4.18428334,-4.12797886,-4.01911446,-3.8983178,-62.00221841,-61.82681409,-61.61098151,-61.35449356,-16.32798633,-15.72101942,-15.14430174,-14.57489434
284,4.65,-5.81529353,-52.52744656,-0.94480822,0.65955046,4.64,4.645,4.655,-7.8909244,-7.53875286,-7.22222389,-6.92278835,-4.12797886,-4.01911446,-3.8983178,-3.76184338,-61.82681409,-61.61098151,-61.35449356,-61.05307445,-15.72101942,-15.14430174,-14.57489434,-14.02311046
285,4.655,-7.15513715,-54.3097372,-1.42433613,0.67816504,4.645,4.65,4.66,-7.53875286,-7.22222389,-6.92278835,-6.63930214,-4.01911446,-3.8983178,-3.76184338,-3.62423694,-61.61098151,-61.35449356,-61.05307445,-60.71523071,-15.14430174,-14.57489434,-14.02311046,-13.47980693
286,4.66,-8.39418786,-56.10640099,-1.84937503,0.69829649,4.65,4.655,4.665,-7.22222389,-6.92278835,-6.63930214,-6.36519823,-3.8983178,-3.76184338,-3.62423694,-3.47755589,-61.35449356,-61.05307445,-60.71523071,-60.34591109,-14.57489434,-14.02311046,-13.47980693,-12.94493699
287,4.665,-9.52409899,-57.91593455,-2.22347881,0.7188492,4.655,4.66,4.67,-6.92278835,-6.63930214,-6.36519823,-6.13120934,-3.76184338,-3.62423694,-3.47755589,-3.30439358,-61.05307445,-60.71523071,-60.34591109,-59.93329009,-14.02311046,-13.47980693,-12.94493699,-12.4101752
288,4.67,-10.53868861,-59.73750804,-2.55135818,0.73884392,4.66,4.665,4.675,-6.63930214,-6.36519823,-6.13120934,-5.93151612,-3.62423694,-3.47755589,-3.30439358,-3.10379367,-60.71523071,-60.34591109,-59.93329009,-59.48164184,-13.47980693,-12.94493699,-12.4101752,-11.90345756
289,4.675,-11.4335108,-61.57094943,-2.82641922,0.75872125,4.665,4.67,4.68,-6.36519823,-6.13120934,-5.93151612,-5.74585862,-3.47755589,-3.30439358,-3.10379367,-2.87536512,-60.34591109,-59.93329009,-59.48164184,-58.97139875,-12.94493699,-12.4101752,-11.90345756,-11.45854876
290,4.68,-12.20886298,-63.41696269,-3.05913731,0.77721676,4.67,4.675,4.685,-6.13120934,-5.93151612,-5.74585862,-5.59959262,-3.30439358,-3.10379367,-2.87536512,-2.66763062,-59.93329009,-59.48164184,-58.97139875,-58.46405618,-12.4101752,-11.90345756,-11.45854876,-10.904029
291,4.685,-12.87217211,-65.27683553,-3.25514105,0.79378307,4.675,4.68,4.69,-5.93151612,-5.74585862,-5.59959262,-5.45945174,-3.10379367,-2.87536512,-2.66763062,-2.41260816,-59.48164184,-58.97139875,-58.46405618,-57.86771474,-11.90345756,-11.45854876,-10.904029,-10.51880968
292,4.69,-13.43593881,-67.15132365,-3.41928543,0.80810572,4.68,4.685,4.695,-5.74585862,-5.59959262,-5.45945174,-5.35632703,-2.87536512,-2.66763062,-2.41260816,-2.17622155,-58.97139875,-58.46405618,-57.86771474,-57.27569004,-11.45854876,-10.904029,-10.51880968,-10.01121291
293,4.695,-13.91893318,-69.0406172,-3.55624854,0.82002802,4.685,4.69,4.7,-5.59959262,-5.45945174,-5.35632703,-5.26684203,-2.66763062,-2.41260816,-2.17622155,-1.91785694,-58.46405618,-57.86771474,-57.27569004,-56.60943277,-10.904029,-10.51880968,-10.01121291,-9.64754169
294,4.7,-14.34323834,-70.94412154,-3.67047065,0.82955117,4.69,4.695,4.705,-5.45945174,-5.35632703,-5.26684203,-5.19224178,-2.41260816,-2.17622155,-1.91785694,-1.65242328,-57.86771474,-57.27569004,-56.60943277,-55.89005651,-10.51880968,-10.01121291,-9.64754169,-9.30881455
295,4.705,-14.73465989,-72.86067993,-3.7661608,0.83683167,4.695,4.7,4.71,-5.35632703,-5.26684203,-5.19224178,-5.12380412,-2.17622155,-1.91785694,-1.65242328,-1.39693455,-57.27569004,-56.60943277,-55.89005651,-55.13418091,-10.01121291,-9.64754169,-9.30881455,-8.9897268
296,4.71,-15.12251713,-74.78932124,-3.84737933,0.84217679,4.7,4.705,4.715,-5.26684203,-5.19224178,-5.12380412,-5.05951452,-1.91785694,-1.65242328,-1.39693455,-1.16324702,-56.60943277,-55.89005651,-55.13418091,-54.35566098,-9.64754169,-9.30881455,-8.9897268,-8.60434932
297,4.715,-15.53575801,-76.72896038,-3.91816607,0.84603791,4.705,4.71,4.72,-5.19224178,-5.12380412,-5.05951452,-5.00897616,-1.65242328,-1.39693455,-1.16324702,-0.89951603,-55.89005651,-55.13418091,-54.35566098,-53.50118072,-9.30881455,-8.9897268,-8.60434932,-8.34094045
298,4.72,-16.00139442,-78.67861551,-3.98265623,0.84899967,4.71,4.715,4.725,-5.12380412,-5.05951452,-5.00897616,-4.95065295,-1.39693455,-1.16324702,-0.89951603,-0.67141339,-55.13418091,-54.35566098,-53.50118072,-52.63931068,-8.9897268,-8.60434932,-8.34094045,-8.01514332
299,4.725,-16.54095915,-80.6369842,-4.04515928,0.85176305,4.715,4.72,4.73,-5.05951452,-5.00897616,-4.95065295,-4.89398302,-1.16324702,-0.89951603,-0.67141339,-0.43565977,-54.35566098,-53.50118072,-52.63931068,-51.71763201,-8.60434932,-8.34094045,-8.01514332,-7.71370759
300,4.73,-17.17070429,-82.60316629,-4.11020031,0.8551221,4.72,4.725,4.735,-5.00897616,-4.95065295,-4.89398302,-4.85762963,-0.89951603,-0.67141339,-0.43565977,-0.21669329,-53.50118072,-52.63931068,-51.71763201,-50.75566968,-8.34094045,-8.01514332,-7.71370759,-7.51142916
301,4.735,-17.90164173,-84.57656655,-4.18252386,0.85993422,4.725,4.73,4.74,-4.95065295,-4.89398302,-4.85762963,-4.81861483,-0.67141339,-0.43565977,-0.21669329,0.01458925,-52.63931068,-51.71763201,-50.75566968,-49.74741638,-8.01514332,-7.71370759,-7.51142916,-7.30765835
302,4.74,-18.73600003,-86.55526961,-4.26708718,0.86708431,4.73,4.735,4.745,-4.89398302,-4.85762963,-4.81861483,-4.77444829,-0.43565977,-0.21669329,0.01458925,0.21520148,-51.71763201,-50.75566968,-49.74741638,-48.70144,-7.71370759,-7.51142916,-7.30765835,-7.11904506
303,4.745,-19.66626748,-88.53579944,-4.36906902,0.8774432,4.735,4.74,4.75,-4.85762963,-4.81861483,-4.77444829,-4.71665155,-0.21669329,0.01458925,0.21520148,0.37648955,-50.75566968,-49.74741638,-48.70144,-47.62320823,-7.51142916,-7.30765835,-7.11904506,-6.94190757
304,4.75,-20.67631522,-90.51392142,-4.49386526,0.89181991,4.74,4.745,4.755,-4.81861483,-4.77444829,-4.71665155,-4.66381622,0.01458925,0.21520148,0.37648955,0.5546957,-49.74741638,-48.70144,-47.62320823,-46.50945738,-7.30765835,-7.11904506,-6.94190757,-6.77622813
305,4.755,-21.74218878,-92.48516077,-4.64702468,0.91090738,4.745,4.75,4.76,-4.77444829,-4.71665155,-4.66381622,-4.62884483,0.21520148,0.37648955,0.5546957,0.74042145,-48.70144,-47.62320823,-46.50945738,-45.36537212,-7.11904506,-6.94190757,-6.77622813,-6.69977937
306,4.76,-22.83340109,-94.44530497,-4.83412733,0.93522261,4.75,4.755,4.765,-4.71665155,-4.66381622,-4.62884483,-4.57822968,0.37648955,0.5546957,0.74042145,0.92307257,-47.62320823,-46.50945738,-45.36537212,-44.17140216,-6.94190757,-6.77622813,-6.69977937,-6.61334597
307,4.765,-23.91895845,-96.39238576,-5.06065144,0.96504323,4.755,4.76,4.77,-4.66381622,-4.62884483,-4.57822968,-4.53530023,0.5546957,0.74042145,0.92307257,1.10466113,-46.50945738,-45.36537212,-44.17140216,-42.94803497,-6.77622813,-6.69977937,-6.61334597,-6.57112508
308,4.77,-24.96788136,-98.32543637,-5.33185644,1.00034342,4.76,4.765,4.775,-4.62884483,-4.57822968,-4.53530023,-4.50282864,0.74042145,0.92307257,1.10466113,1.29122015,-45.36537212,-44.17140216,-42.94803497,-41.69456677,-6.69977937,-6.61334597,-6.57112508,-6.5757244
309,4.775,-25.95219877,-100.24398436,-5.65266918,1.0407336,4.765,4.77,4.78,-4.57822968,-4.53530023,-4.50282864,-4.47342922,0.92307257,1.10466113,1.29122015,1.47490666,-44.17140216,-42.94803497,-41.69456677,-40.41199869,-6.61334597,-6.57112508,-6.5757244,-6.63764951
310,4.78,-26.84960336,-102.14771455,-6.02756676,1.08540947,4.77,4.775,4.785,-4.53530023,-4.50282864,-4.47342922,-4.46527618,1.10466113,1.29122015,1.47490666,1.67731688,-42.94803497,-41.69456677,-40.41199869,-39.08212944,-6.57112508,-6.5757244,-6.63764951,-6.74240113
311,4.785,-27.64573851,-104.03692484,-6.53528304,1.12802251,4.775,4.78,4.79,-4.50282864,-4.47342922,-4.46527618,-4.46174968,1.29122015,1.47490666,1.67731688,1.8692745,-41.69456677,-40.41199869,-39.08212944,-37.72368249,-6.5757244,-6.63764951,-6.74240113,-6.92028651
312,4.79,-28.33586638,-105.91197325,-7.145264,1.16961099,4.78,4.785,4.795,-4.47342922,-4.46527618,-4.46174968,-4.46953452,1.47490666,1.67731688,1.8692745,2.06112894,-40.41199869,-39.08212944,-37.72368249,-36.34471025,-6.63764951,-6.74240113,-6.92028651,-7.16161338
313,4.795,-28.92456318,-107.77258832,-7.84037329,1.20952378,4.785,4.79,4.8,-4.46527618,-4.46174968,-4.46953452,-4.48813981,1.67731688,1.8692745,2.06112894,2.26429192,-39.08212944,-37.72368249,-36.34471025,-34.90226304,-6.74240113,-6.92028651,-7.16161338,-7.44722356
314,4.8,-29.42659903,-109.61785808,-8.62128816,1.24538901,4.79,4.795,4.805,-4.46174968,-4.46953452,-4.48813981,-4.52598997,1.8692745,2.06112894,2.26429192,2.46860966,-37.72368249,-36.34471025,-34.90226304,-33.43403002,-6.92028651,-7.16161338,-7.44722356,-7.8224234
315,4.805,-29.86190408,-111.44612822,-9.4862974,1.27461248,4.795,4.8,4.81,-4.46953452,-4.48813981,-4.52598997,-4.56035715,2.06112894,2.26429192,2.46860966,2.66040351,-36.34471025,-34.90226304,-33.43403002,-31.93543067,-7.16161338,-7.44722356,-7.8224234,-8.23298598
316,4.81,-30.2512101,-113.25403616,-10.43088361,1.29451602,4.8,4.805,4.815,-4.48813981,-4.52598997,-4.56035715,-4.61442169,2.26429192,2.46860966,2.66040351,2.85929506,-34.90226304,-33.43403002,-31.93543067,-30.4016496,-7.44722356,-7.8224234,-8.23298598,-8.697629
317,4.815,-30.6142405,-115.03624744,-11.44776613,1.30254634,4.805,4.81,4.82,-4.52598997,-4.56035715,-4.61442169,-4.67705376,2.46860966,2.66040351,2.85929506,3.05514507,-33.43403002,-31.93543067,-30.4016496,-28.83934795,-7.8224234,-8.23298598,-8.697629,-9.19546911
318,4.82,-30.9700632,-116.78626155,-12.53279988,1.2970477,4.81,4.815,4.825,-4.56035715,-4.61442169,-4.67705376,-4.75124591,2.66040351,2.85929506,3.05514507,3.24702895,-31.93543067,-30.4016496,-28.83934795,-27.25142404,-8.23298598,-8.697629,-9.19546911,-9.70997915
319,4.825,-31.33622364,-118.49742906,-13.66061562,1.27559288,4.815,4.82,4.83,-4.61442169,-4.67705376,-4.75124591,-4.83468312,2.85929506,3.05514507,3.24702895,3.43366927,-30.4016496,-28.83934795,-27.25142404,-25.64274346,-8.697629,-9.19546911,-9.70997915,-10.22199041
320,4.83,-31.73061857,-120.16485827,-14.81041814,1.23705682,4.82,4.825,4.835,-4.67705376,-4.75124591,-4.83468312,-4.92816963,3.05514507,3.24702895,3.43366927,3.61280916,-28.83934795,-27.25142404,-25.64274346,-24.01727439,-9.19546911,-9.70997915,-10.22199041,-10.71562668
321,4.835,-32.1692761,-121.78506224,-15.95653024,1.18120253,4.825,4.83,4.84,-4.75124591,-4.83468312,-4.92816963,-5.03170547,3.24702895,3.43366927,3.61280916,3.78048183,-27.25142404,-25.64274346,-24.01727439,-22.37964939,-9.70997915,-10.22199041,-10.71562668,-11.17400063
322,4.84,-32.66349844,-123.35564006,-17.06818805,1.10882803,4.83,4.835,4.845,-4.83468312,-4.92816963,-5.03170547,-5.14720945,3.43366927,3.61280916,3.78048183,3.94420396,-25.64274346,-24.01727439,-22.37964939,-20.72595843,-10.22199041,-10.71562668,-11.17400063,-11.61844895
323,4.845,-33.21889252,-124.87477608,-18.10952141,1.02185366,4.835,4.84,4.85,-4.92816963,-5.03170547,-5.14720945,-5.26037716,3.61280916,3.78048183,3.94420396,4.07931681,-24.01727439,-22.37964939,-20.72595843,-19.07742115,-10.71562668,-11.17400063,-11.61844895,-11.96943664
324,4.85,-33.83219175,-126.34028332,-19.24122106,0.92353175,4.84,4.845,4.855,-5.03170547,-5.14720945,-5.26037716,-5.38892691,3.78048183,3.94420396,4.07931681,4.21419798,-22.37964939,-20.72595843,-19.07742115,-17.4257296,-11.17400063,-11.61844895,-11.96943664,-12.28313571
325,4.855,-34.49324609,-127.74979597,-20.22431071,0.81849834,4.845,4.85,4.86,-5.14720945,-5.26037716,-5.38892691,-5.52466895,3.94420396,4.07931681,4.21419798,4.33267092,-20.72595843,-19.07742115,-17.4257296,-15.77459869,-11.61844895,-11.96943664,-12.28313571,-12.55834253
326,4.86,-35.18777514,-129.10105028,-20.94065715,0.71164917,4.85,4.855,4.865,-5.26037716,-5.38892691,-5.52466895,-5.67020351,4.07931681,4.21419798,4.33267092,4.43137785,-19.07742115,-17.4257296,-15.77459869,-14.1310102,-11.96943664,-12.28313571,-12.55834253,-12.81515496
327,4.865,-35.89848273,-130.39195319,-21.33856337,0.6084655,4.855,4.86,4.87,-5.38892691,-5.52466895,-5.67020351,-5.81593096,4.21419798,4.33267092,4.43137785,4.51539519,-17.4257296,-15.77459869,-14.1310102,-12.50122419,-12.28313571,-12.55834253,-12.81515496,-13.0306728
328,4.87,-36.60822318,-131.62125188,-21.37128375,0.51476921,4.86,4.865,4.875,-5.52466895,-5.67020351,-5.81593096,-5.97756453,4.33267092,4.43137785,4.51539519,4.58796338,-15.77459869,-14.1310102,-12.50122419,-10.89272014,-12.55834253,-12.81515496,-13.0306728,-13.24198303
329,4.875,-37.30356953,-132.78857402,-20.99887958,0.43639961,4.865,4.87,4.88,-5.67020351,-5.81593096,-5.97756453,-6.14638375,4.43137785,4.51539519,4.58796338,4.64428714,-14.1310102,-12.50122419,-10.89272014,-9.31543474,-12.81515496,-13.0306728,-13.24198303,-13.45346531
330,4.88,-37.97415864,-133.89333215,-20.19000409,0.37886885,4.87,4.875,4.885,-5.81593096,-5.97756453,-6.14638375,-6.32589221,4.51539519,4.58796338,4.64428714,4.67949038,-12.50122419,-10.89272014,-9.31543474,-7.78688825,-13.0306728,-13.24198303,-13.45346531,-13.67093398
331,4.885,-38.61207151,-134.93487284,-18.8945509,0.34155558,4.875,4.88,4.89,-5.97756453,-6.14638375,-6.32589221,-6.5100073,4.58796338,4.64428714,4.67949038,4.70172346,-10.89272014,-9.31543474,-7.78688825,-6.32531053,-13.24198303,-13.45346531,-13.67093398,-13.87125911
332,4.89,-39.21113392,-135.91299081,-17.14871185,0.3337345,4.88,4.885,4.895,-6.14638375,-6.32589221,-6.5100073,-6.70698416,4.64428714,4.67949038,4.70172346,4.71145234,-9.31543474,-7.78688825,-6.32531053,-4.95963375,-13.45346531,-13.67093398,-13.87125911,-14.06142681
333,4.895,-39.76726353,-136.82719476,-14.96011744,0.35934018,4.885,4.89,4.9,-6.32589221,-6.5100073,-6.70698416,-6.8976818,4.67949038,4.70172346,4.71145234,4.69504197,-7.78688825,-6.32531053,-4.95963375,-3.72581049,-13.67093398,-13.87125911,-14.06142681,-14.21791275
334,4.9,-40.28055536,-137.67728564,-12.34196716,0.41923636,4.89,4.895,4.905,-6.5100073,-6.70698416,-6.8976818,-7.13109561,4.70172346,4.71145234,4.69504197,4.67708376,-6.32531053,-4.95963375,-3.72581049,-2.65880966,-13.87125911,-14.06142681,-14.21791275,-14.32871383
335,4.905,-40.75530489,-138.46317514,-9.32489015,0.5126929,4.895,4.9,4.91,-6.70698416,-6.8976818,-7.13109561,-7.36255265,4.71145234,4.69504197,4.67708376,4.64828686,-4.95963375,-3.72581049,-2.65880966,-1.78887517,-14.06142681,-14.21791275,-14.32871383,-14.36806223
336,4.91,-41.20010493,-139.18445553,-5.95743957,0.63742815,4.9,4.905,4.915,-6.8976818,-7.13109561,-7.36255265,-7.60738193,4.69504197,4.67708376,4.64828686,4.60097293,-3.72581049,-2.65880966,-1.78887517,-1.1478349,-14.21791275,-14.32871383,-14.36806223,-14.32654327
337,4.915,-41.62660117,-139.84036207,-2.30548325,0.78975112,4.905,4.91,4.92,-7.13109561,-7.36255265,-7.60738193,-7.85995878,4.67708376,4.64828686,4.60097293,4.55411253,-2.65880966,-1.78887517,-1.1478349,-0.73514293,-14.32871383,-14.36806223,-14.32654327,-14.26829574
338,4.92,-42.0487682,-140.42950486,1.54975321,0.96479806,4.91,4.915,4.925,-7.36255265,-7.60738193,-7.85995878,-8.14529425,4.64828686,4.60097293,4.55411253,4.50780654,-1.78887517,-1.1478349,-0.73514293,-0.60858163,-14.36806223,-14.32654327,-14.26829574,-14.0529443
