,time_prev_prev,time_prev,time,knee_angle_r_moment,ankle_angle_r_moment,knee_angle_l_moment,ankle_angle_l_moment,knee_angle_r_prev_prev,knee_angle_r_prev,knee_angle_r,ankle_angle_r_prev_prev,ankle_angle_r_prev,ankle_angle_r,knee_angle_l_prev_prev,knee_angle_l_prev,knee_angle_l,ankle_angle_l_prev_prev,ankle_angle_l_prev,ankle_angle_l
0,-0.009999999999999787,-0.004999999999999893,0.0,-11.13538936,0.21621673,43.70612373,-9.31123952,-56.24261456,-56.99469619,-57.6595985,-25.05708056,-24.47110325,-23.9673081,-8.61089552,-8.26242324,-7.89898146,-10.33641316,-10.08352104,-9.88735511
1,-0.004999999999999893,0.0,0.004999999999999893,-9.14999074,0.3370011,41.47564502,-10.99243266,-56.99469619,-57.6595985,-58.21030276,-24.47110325,-23.9673081,-23.55943386,-8.26242324,-7.89898146,-7.52574534,-10.08352104,-9.88735511,-9.65278264
2,0.0,0.004999999999999893,0.010000000000000231,-7.28873732,0.44788105,39.27694166,-12.70035585,-57.6595985,-58.21030276,-58.75815702,-23.9673081,-23.55943386,-23.07788347,-7.89898146,-7.52574534,-7.17980477,-9.88735511,-9.65278264,-9.48883149
3,0.004999999999999893,0.010000000000000231,0.015000000000000124,-5.58063742,0.54762056,37.10794482,-14.43289874,-58.21030276,-58.75815702,-59.24143244,-23.55943386,-23.07788347,-22.59833713,-7.52574534,-7.17980477,-6.82603203,-9.65278264,-9.48883149,-9.32845756
4,0.010000000000000231,0.015000000000000124,0.020000000000000018,-4.04843624,0.63537991,34.9612922,-16.18911982,-58.75815702,-59.24143244,-59.61079955,-23.07788347,-22.59833713,-22.20182631,-7.17980477,-6.82603203,-6.45790773,-9.48883149,-9.32845756,-9.14760416
5,0.015000000000000124,0.020000000000000018,0.02499999999999991,-2.70809738,0.71072184,32.82111674,-17.9708384,-59.24143244,-59.61079955,-59.99412292,-22.59833713,-22.20182631,-21.70861811,-6.82603203,-6.45790773,-6.13375915,-9.32845756,-9.14760416,-8.9615134
6,0.020000000000000018,0.02499999999999991,0.03000000000000025,-1.56873433,0.77359676,30.67624928,-19.78035285,-59.61079955,-59.99412292,-60.29153804,-22.20182631,-21.70861811,-21.24404187,-6.45790773,-6.13375915,-5.78433901,-9.14760416,-8.9615134,-8.80503364
7,0.02499999999999991,0.03000000000000025,0.03500000000000014,-0.63105638,0.82452863,28.52118113,-21.62026548,-59.99412292,-60.29153804,-60.57548646,-21.70861811,-21.24404187,-20.73286032,-6.13375915,-5.78433901,-5.46763326,-8.9615134,-8.80503364,-8.61824512
8,0.03000000000000025,0.03500000000000014,0.040000000000000036,0.10510686,0.86377482,26.36755868,-23.48968421,-60.29153804,-60.57548646,-60.80982338,-21.24404187,-20.73286032,-20.2026095,-5.78433901,-5.46763326,-5.14880554,-8.80503364,-8.61824512,-8.45296152
9,0.03500000000000014,0.040000000000000036,0.04499999999999993,0.64876605,0.89221394,24.23483171,-25.38626287,-60.57548646,-60.80982338,-60.97687161,-20.73286032,-20.2026095,-19.70744634,-5.46763326,-5.14880554,-4.81769486,-8.61824512,-8.45296152,-8.32003032
10,0.040000000000000036,0.04499999999999993,0.04999999999999982,1.01394204,0.91098629,22.14592051,-27.30602163,-60.80982338,-60.97687161,-61.11091231,-20.2026095,-19.70744634,-19.17819986,-5.14880554,-4.81769486,-4.51267776,-8.45296152,-8.32003032,-8.15712991
11,0.04499999999999993,0.04999999999999982,0.05500000000000016,1.21804827,0.92136186,20.12200263,-29.24374705,-60.97687161,-61.11091231,-61.20293183,-19.70744634,-19.17819986,-18.6338595,-4.81769486,-4.51267776,-4.22290104,-8.32003032,-8.15712991,-7.99210627
12,0.04999999999999982,0.05500000000000016,0.06000000000000005,1.28076681,0.9246685,18.17244393,-31.1951804,-61.11091231,-61.20293183,-61.26737422,-19.17819986,-18.6338595,-18.10295394,-4.51267776,-4.22290104,-3.95585821,-8.15712991,-7.99210627,-7.81858315
13,0.05500000000000016,0.06000000000000005,0.06499999999999995,1.22295432,0.92222561,16.30263192,-33.15610574,-61.20293183,-61.26737422,-61.26246298,-18.6338595,-18.10295394,-17.58446158,-4.22290104,-3.95585821,-3.69611075,-7.99210627,-7.81858315,-7.67662757
14,0.06000000000000005,0.06499999999999995,0.06999999999999984,1.06562709,0.91528795,14.52039175,-35.12171383,-61.26737422,-61.26246298,-61.22891095,-18.10295394,-17.58446158,-17.04929847,-3.95585821,-3.69611075,-3.46025,-7.81858315,-7.67662757,-7.51193798
15,0.06499999999999995,0.06999999999999984,0.07500000000000018,0.82907241,0.90500296,12.83897176,-37.08639991,-61.26246298,-61.22891095,-61.15707719,-17.58446158,-17.04929847,-16.51668527,-3.69611075,-3.46025,-3.24781859,-7.67662757,-7.51193798,-7.34254166
16,0.06999999999999984,0.07500000000000018,0.08000000000000007,0.53213856,0.89238244,11.27224087,-39.0448759,-61.22891095,-61.15707719,-61.07416676,-17.04929847,-16.51668527,-15.91151015,-3.46025,-3.24781859,-3.05967565,-7.51193798,-7.34254166,-7.16435769
17,0.07500000000000018,0.08000000000000007,0.08499999999999996,0.19172228,0.8782876,9.83783879,-40.99176625,-61.15707719,-61.07416676,-60.91243595,-16.51668527,-15.91151015,-15.40985797,-3.24781859,-3.05967565,-2.90117014,-7.34254166,-7.16435769,-6.9636014
18,0.08000000000000007,0.08499999999999996,0.08999999999999986,-0.1775853,0.86342515,8.54795654,-42.92356006,-61.07416676,-60.91243595,-60.70105013,-15.91151015,-15.40985797,-14.89886488,-3.05967565,-2.90117014,-2.75328809,-7.16435769,-6.9636014,-6.80068397
19,0.08499999999999996,0.08999999999999986,0.0950000000000002,-0.56371432,0.84835312,7.40898065,-44.83908683,-60.91243595,-60.70105013,-60.49573739,-15.40985797,-14.89886488,-14.24664058,-2.90117014,-2.75328809,-2.62137704,-6.9636014,-6.80068397,-6.58665097
20,0.08999999999999986,0.0950000000000002,0.10000000000000009,-0.95715503,0.83349598,6.4236065,-46.73838727,-60.70105013,-60.49573739,-60.20747982,-14.89886488,-14.24664058,-13.77062463,-2.75328809,-2.62137704,-2.53118216,-6.80068397,-6.58665097,-6.3693254
21,0.0950000000000002,0.10000000000000009,0.10499999999999998,-1.35082304,0.81916592,5.58781198,-48.62291632,-60.49573739,-60.20747982,-59.89738058,-14.24664058,-13.77062463,-13.14905907,-2.62137704,-2.53118216,-2.45192167,-6.58665097,-6.3693254,-6.15031018
22,0.10000000000000009,0.10499999999999998,0.10999999999999988,-1.73483857,0.80613499,4.89347509,-50.49382853,-60.20747982,-59.89738058,-59.54938374,-13.77062463,-13.14905907,-12.63776144,-2.53118216,-2.45192167,-2.40841457,-6.3693254,-6.15031018,-5.92675235
23,0.10499999999999998,0.10999999999999988,0.11500000000000021,-2.10691651,0.79444987,4.32523411,-52.35157589,-59.89738058,-59.54938374,-59.138434,-13.14905907,-12.63776144,-12.10119359,-2.45192167,-2.40841457,-2.35102043,-6.15031018,-5.92675235,-5.69747663
24,0.10999999999999988,0.11500000000000021,0.1200000000000001,-2.46437535,0.78433609,3.85785002,-54.19594035,-59.54938374,-59.138434,-58.65994995,-12.63776144,-12.10119359,-11.69808207,-2.40841457,-2.35102043,-2.30545338,-5.92675235,-5.69747663,-5.47338624
25,0.11500000000000021,0.1200000000000001,0.125,-2.80545251,0.77602353,3.45869338,-56.02569367,-59.138434,-58.65994995,-58.17647268,-12.10119359,-11.69808207,-11.11386243,-2.35102043,-2.30545338,-2.29022141,-5.69747663,-5.47338624,-5.19357036
26,0.1200000000000001,0.125,0.1299999999999999,-3.12913504,0.76974624,3.09148519,-57.83947277,-58.65994995,-58.17647268,-57.644185,-11.69808207,-11.11386243,-10.65782752,-2.30545338,-2.29022141,-2.2798147,-5.47338624,-5.19357036,-4.93287272
27,0.125,0.1299999999999999,0.13500000000000023,-3.43481443,0.76575366,2.72043739,-59.63554336,-58.17647268,-57.644185,-57.04441715,-11.11386243,-10.65782752,-10.21870723,-2.29022141,-2.2798147,-2.2594893,-5.19357036,-4.93287272,-4.66519324
28,0.1299999999999999,0.13500000000000023,0.14000000000000012,-3.72195598,0.76431964,2.31399986,-61.41186025,-57.644185,-57.04441715,-56.3908703,-10.65782752,-10.21870723,-9.85938841,-2.2798147,-2.2594893,-2.24451014,-4.93287272,-4.66519324,-4.43415513
29,0.13500000000000023,0.14000000000000012,0.14500000000000002,-3.98989063,0.76574711,1.84917023,-63.16652897,-57.04441715,-56.3908703,-55.6828574,-10.21870723,-9.85938841,-9.48940273,-2.2594893,-2.24451014,-2.23021284,-4.66519324,-4.43415513,-4.18016112
30,0.14000000000000012,0.14500000000000002,0.1499999999999999,-4.23773319,0.77036752,1.3107124,-64.89824364,-56.3908703,-55.6828574,-54.92690253,-9.85938841,-9.48940273,-9.13928865,-2.24451014,-2.23021284,-2.2128997,-4.43415513,-4.18016112,-3.92959126
31,0.14500000000000002,0.1499999999999999,0.15500000000000025,-4.46435817,0.77853576,0.6921623,-66.6055306,-55.6828574,-54.92690253,-54.1186328,-9.48940273,-9.13928865,-8.80834304,-2.23021284,-2.2128997,-2.19334881,-4.18016112,-3.92959126,-3.69022548
32,0.1499999999999999,0.15500000000000025,0.16000000000000014,-4.66838135,0.7906218,-0.00728066,-68.28652014,-54.92690253,-54.1186328,-53.2604805,-9.13928865,-8.80834304,-8.49578699,-2.2128997,-2.19334881,-2.1704227,-3.92959126,-3.69022548,-3.46111977
33,0.15500000000000025,0.16000000000000014,0.16500000000000004,-4.84812412,0.80699957,-0.78164363,-69.93815704,-54.1186328,-53.2604805,-52.36794512,-8.80834304,-8.49578699,-8.12597969,-2.19334881,-2.1704227,-2.1562792,-3.69022548,-3.46111977,-3.19948367
34,0.16000000000000014,0.16500000000000004,0.16999999999999993,-5.00156588,0.82803286,-1.62059931,-71.55695699,-53.2604805,-52.36794512,-51.39883367,-8.49578699,-8.12597969,-7.93550638,-2.1704227,-2.1562792,-2.11376922,-3.46111977,-3.19948367,-3.04132001
35,0.16500000000000004,0.16999999999999993,0.17499999999999982,-5.12634156,0.85405794,-2.50876305,-73.13925466,-52.36794512,-51.39883367,-50.37878473,-8.12597969,-7.93550638,-7.73989951,-2.1562792,-2.11376922,-2.08923248,-3.19948367,-3.04132001,-2.8565679
36,0.16999999999999993,0.17499999999999982,0.18000000000000016,-5.21980755,0.88536214,-3.42558231,-74.68149792,-51.39883367,-50.37878473,-49.35688172,-7.93550638,-7.73989951,-7.38961086,-2.11376922,-2.08923248,-2.05623896,-3.04132001,-2.8565679,-2.62656318
37,0.17499999999999982,0.18000000000000016,0.18500000000000005,-5.27910501,0.92215877,-4.34701137,-76.18103013,-50.37878473,-49.35688172,-48.26231951,-7.73989951,-7.38961086,-7.27275431,-2.08923248,-2.05623896,-2.02370978,-2.8565679,-2.62656318,-2.48610041
38,0.18000000000000016,0.18500000000000005,0.18999999999999995,-5.30120488,0.96455894,-5.24814282,-77.63590915,-49.35688172,-48.26231951,-47.11555801,-7.38961086,-7.27275431,-7.15407273,-2.05623896,-2.02370978,-2.00920696,-2.62656318,-2.48610041,-2.31782742
39,0.18500000000000005,0.18999999999999995,0.19499999999999984,-5.28300481,1.01254005,-6.1057446,-79.0452154,-48.26231951,-47.11555801,-45.95806061,-7.27275431,-7.15407273,-6.9367577,-2.02370978,-2.00920696,-1.97444619,-2.48610041,-2.31782742,-2.15829684
40,0.18999999999999995,0.19499999999999984,0.20000000000000018,-5.2214563,1.06591053,-6.90140076,-80.40869613,-47.11555801,-45.95806061,-44.77236838,-7.15407273,-6.9367577,-6.72604605,-2.00920696,-1.97444619,-1.96688715,-2.31782742,-2.15829684,-1.99007709
41,0.19499999999999984,0.20000000000000018,0.20500000000000007,-5.11367962,1.12427136,-7.62654542,-81.72753403,-45.95806061,-44.77236838,-43.52365179,-6.9367577,-6.72604605,-6.70868278,-1.97444619,-1.96688715,-1.96015545,-2.15829684,-1.99007709,-1.86602252
42,0.20000000000000018,0.20500000000000007,0.20999999999999996,-4.95719288,1.18697645,-8.28086786,-83.00523333,-44.77236838,-43.52365179,-42.22029116,-6.72604605,-6.70868278,-6.69006446,-1.96688715,-1.96015545,-1.98965866,-1.99007709,-1.86602252,-1.70855471
43,0.20500000000000007,0.20999999999999996,0.21499999999999986,-4.75040727,1.25309349,-8.87086238,-84.24838111,-43.52365179,-42.22029116,-40.88180648,-6.70868278,-6.69006446,-6.61486459,-1.96015545,-1.98965866,-1.98332269,-1.86602252,-1.70855471,-1.56970654
44,0.20999999999999996,0.21499999999999986,0.2200000000000002,-4.64900453,1.31089817,-9.40383111,-85.46441425,-42.22029116,-40.88180648,-39.51778856,-6.69006446,-6.61486459,-6.66008814,-1.98965866,-1.98332269,-2.01236398,-1.70855471,-1.56970654,-1.43385066
45,0.21499999999999986,0.2200000000000002,0.2250000000000001,-4.89162315,1.34506636,-9.88410746,-86.65979705,-40.88180648,-39.51778856,-38.1044294,-6.61486459,-6.66008814,-6.71889999,-1.98332269,-2.01236398,-2.07791605,-1.56970654,-1.43385066,-1.27495088
46,0.2200000000000002,0.2250000000000001,0.22999999999999998,-5.21960079,1.37328839,-10.31543854,-87.8400261,-39.51778856,-38.1044294,-36.63927489,-6.66008814,-6.71889999,-6.78776449,-2.01236398,-2.07791605,-2.11314032,-1.43385066,-1.27495088,-1.13820995
47,0.2250000000000001,0.22999999999999998,0.23499999999999988,-5.64723501,1.39396599,-10.7010243,-89.00976233,-38.1044294,-36.63927489,-35.16304618,-6.71889999,-6.78776449,-6.94034696,-2.07791605,-2.11314032,-2.17333999,-1.27495088,-1.13820995,-0.99812791
48,0.22999999999999998,0.23499999999999988,0.2400000000000002,-6.18796704,1.40550817,-11.04126072,-90.17221352,-36.63927489,-35.16304618,-33.6367899,-6.78776449,-6.94034696,-7.05211327,-2.11314032,-2.17333999,-2.25736275,-1.13820995,-0.99812791,-0.83979054
49,0.23499999999999988,0.2400000000000002,0.2450000000000001,-6.85334218,1.40640199,-11.33473067,-91.32920891,-35.16304618,-33.6367899,-32.10213575,-6.94034696,-7.05211327,-7.24972381,-2.17333999,-2.25736275,-2.33101184,-0.99812791,-0.83979054,-0.7040017
50,0.2400000000000002,0.2450000000000001,0.25,-7.65179349,1.395285,-11.58111229,-92.4824306,-33.6367899,-32.10213575,-30.52085355,-7.05211327,-7.24972381,-7.36983137,-2.25736275,-2.33101184,-2.41177625,-0.83979054,-0.7040017,-0.54380364
51,0.2450000000000001,0.25,0.2549999999999999,-8.76033435,1.38646889,-11.78176402,-93.63296821,-32.10213575,-30.52085355,-28.94425196,-7.24972381,-7.36983137,-7.55135246,-2.33101184,-2.41177625,-2.53324177,-0.7040017,-0.54380364,-0.37460562
52,0.25,0.2549999999999999,0.26000000000000023,-9.99341146,1.36831946,-11.93905278,-94.78099635,-30.52085355,-28.94425196,-27.33942077,-7.36983137,-7.55135246,-7.79891626,-2.41177625,-2.53324177,-2.67181414,-0.54380364,-0.37460562,-0.22582553
53,0.2549999999999999,0.26000000000000023,0.2650000000000001,-11.29675636,1.33723463,-12.05537533,-95.92599512,-28.94425196,-27.33942077,-25.72524315,-7.55135246,-7.79891626,-8.06790128,-2.53324177,-2.67181414,-2.79428365,-0.37460562,-0.22582553,-0.08440011
54,0.26000000000000023,0.2650000000000001,0.27,-12.64152135,1.29199562,-12.13491898,-97.06769203,-27.33942077,-25.72524315,-24.08506586,-7.79891626,-8.06790128,-8.30800334,-2.67181414,-2.79428365,-2.96076511,-0.22582553,-0.08440011,0.10157068
55,0.2650000000000001,0.27,0.2749999999999999,-13.99549243,1.23143561,-12.18411706,-98.20647833,-25.72524315,-24.08506586,-22.45814134,-8.06790128,-8.30800334,-8.55595172,-2.79428365,-2.96076511,-3.11201119,-0.08440011,0.10157068,0.26059158
56,0.27,0.2749999999999999,0.28000000000000025,-15.3254411,1.15446756,-12.20996133,-99.34315461,-24.08506586,-22.45814134,-20.83304773,-8.30800334,-8.55595172,-8.8010664,-2.96076511,-3.11201119,-3.26513384,0.10157068,0.26059158,0.4056041
57,0.2749999999999999,0.28000000000000025,0.28500000000000014,-15.62891231,1.04153763,-12.22020249,-100.48011271,-22.45814134,-20.83304773,-19.22202895,-8.55595172,-8.8010664,-9.08760496,-3.11201119,-3.26513384,-3.42899923,0.26059158,0.4056041,0.54171848
58,0.28000000000000025,0.28500000000000014,0.29000000000000004,-16.04338001,0.90681954,-12.22123717,-101.6211011,-20.83304773,-19.22202895,-17.5888319,-8.8010664,-9.08760496,-9.37154818,-3.26513384,-3.42899923,-3.60302055,0.4056041,0.54171848,0.68734827
59,0.28500000000000014,0.29000000000000004,0.29499999999999993,-16.68642798,0.75416111,-12.21714556,-102.76977425,-19.22202895,-17.5888319,-15.95031001,-9.08760496,-9.37154818,-9.60647499,-3.42899923,-3.60302055,-3.77834435,0.54171848,0.68734827,0.82746255
60,0.29000000000000004,0.29499999999999993,0.2999999999999998,-17.55522542,0.58660961,-12.21011447,-103.92907509,-17.5888319,-15.95031001,-14.33317888,-9.37154818,-9.60647499,-9.86429582,-3.60302055,-3.77834435,-3.98339017,0.68734827,0.82746255,0.97600027
61,0.29499999999999993,0.2999999999999998,0.30500000000000016,-18.63120627,0.4079112,-12.20140954,-105.1006432,-15.95031001,-14.33317888,-12.72046172,-9.60647499,-9.86429582,-10.10516508,-3.77834435,-3.98339017,-4.16676507,0.82746255,0.97600027,1.10247473
62,0.2999999999999998,0.30500000000000016,0.31000000000000005,-19.88060031,0.22231986,-12.19289314,-106.28501184,-14.33317888,-12.72046172,-11.13476055,-9.86429582,-10.10516508,-10.31800647,-3.98339017,-4.16676507,-4.35456082,0.97600027,1.10247473,1.2227413
63,0.30500000000000016,0.31000000000000005,0.31499999999999995,-21.32873783,0.03807057,-12.18621936,-107.48149032,-12.72046172,-11.13476055,-9.59218633,-10.10516508,-10.31800647,-10.49596384,-4.16676507,-4.35456082,-4.54646194,1.10247473,1.2227413,1.33664031
64,0.31000000000000005,0.31499999999999995,0.31999999999999984,-22.9144436,-0.13870003,-12.18214366,-108.687349,-11.13476055,-9.59218633,-8.11339977,-10.31800647,-10.49596384,-10.63733638,-4.35456082,-4.54646194,-4.74335672,1.2227413,1.33664031,1.44444618
65,0.31499999999999995,0.31999999999999984,0.3250000000000002,-24.3834454,-0.31354945,-12.18001234,-109.89745284,-9.59218633,-8.11339977,-6.74184883,-10.49596384,-10.63733638,-10.70994343,-4.54646194,-4.74335672,-4.9419383,1.33664031,1.44444618,1.54697098
66,0.31999999999999984,0.3250000000000002,0.33000000000000007,-25.69779627,-0.48206192,-12.17825711,-111.10506929,-8.11339977,-6.74184883,-5.48620198,-10.63733638,-10.70994343,-10.756369,-4.74335672,-4.9419383,-5.1415439,1.44444618,1.54697098,1.62384994
67,0.3250000000000002,0.33000000000000007,0.33499999999999996,-26.82148974,-0.63962608,-12.17335905,-112.30273089,-6.74184883,-5.48620198,-4.33391118,-10.70994343,-10.756369,-10.76431521,-4.9419383,-5.1415439,-5.37402915,1.54697098,1.62384994,1.74964577
68,0.33000000000000007,0.33499999999999996,0.33999999999999986,-27.72125958,-0.781637,-12.15810056,-113.48243793,-5.48620198,-4.33391118,-3.37236268,-10.756369,-10.76431521,-10.76712573,-5.1415439,-5.37402915,-5.55920734,1.62384994,1.74964577,1.80472847
69,0.33499999999999996,0.33999999999999986,0.3450000000000002,-28.3674409,-0.9037316,-12.1208604,-114.63515718,-4.33391118,-3.37236268,-2.58461977,-10.76431521,-10.76712573,-10.69391072,-5.37402915,-5.55920734,-5.82868131,1.74964577,1.80472847,1.92094361
70,0.33999999999999986,0.3450000000000002,0.3500000000000001,-28.73495159,-1.00203617,-12.05019448,-115.75149764,-3.37236268,-2.58461977,-1.99988114,-10.76712573,-10.69391072,-10.64239727,-5.55920734,-5.82868131,-6.00965901,1.80472847,1.92094361,1.97337524
71,0.3450000000000002,0.3500000000000001,0.355,-28.80439,-1.07339974,-11.93918724,-116.82178942,-2.58461977,-1.99988114,-1.64157432,-10.69391072,-10.64239727,-10.50282963,-5.82868131,-6.00965901,-6.2808048,1.92094361,1.97337524,2.06682264
72,0.3500000000000001,0.355,0.3599999999999999,-28.56317094,-1.11558599,-11.78602948,-117.83656865,-1.99988114,-1.64157432,-1.51067408,-10.64239727,-10.50282963,-10.36050098,-6.00965901,-6.2808048,-6.51646808,1.97337524,2.06682264,2.1259235
73,0.355,0.3599999999999999,0.3650000000000002,-28.00658489,-1.12740008,-11.59434938,-118.78706775,-1.64157432,-1.51067408,-1.56554165,-10.50282963,-10.36050098,-10.2343738,-6.2808048,-6.51646808,-6.77031475,2.06682264,2.1259235,2.18344001
74,0.3599999999999999,0.3650000000000002,0.3700000000000001,-27.13866137,-1.1087356,-11.37253712,-119.66531737,-1.51067408,-1.56554165,-1.77954147,-10.36050098,-10.2343738,-10.15554018,-6.51646808,-6.77031475,-7.01064438,2.1259235,2.18344001,2.22595439
75,0.3650000000000002,0.3700000000000001,0.375,-25.97272476,-1.06053704,-11.1308716,-120.46304731,-1.56554165,-1.77954147,-2.16934388,-10.2343738,-10.15554018,-10.05696688,-6.77031475,-7.01064438,-7.29348515,2.18344001,2.22595439,2.25956208
76,0.3700000000000001,0.375,0.3799999999999999,-24.53153716,-0.98468644,-10.87980504,-121.17111991,-1.77954147,-2.16934388,-2.6618376,-10.15554018,-10.05696688,-9.9801484,-7.01064438,-7.29348515,-7.52860646,2.22595439,2.25956208,2.25430568
77,0.375,0.3799999999999999,0.38500000000000023,-22.84694053,-0.88383292,-10.62862669,-121.78004638,-2.16934388,-2.6618376,-3.26905775,-10.05696688,-9.9801484,-9.90554366,-7.29348515,-7.52860646,-7.87401377,2.25956208,2.25430568,2.27901848
78,0.3799999999999999,0.38500000000000023,0.3900000000000001,-20.95895604,-0.76118863,-10.38362058,-122.27968482,-2.6618376,-3.26905775,-3.94523429,-9.9801484,-9.90554366,-9.84035671,-7.52860646,-7.87401377,-8.1829989,2.25430568,2.27901848,2.2677367
79,0.38500000000000023,0.3900000000000001,0.395,-18.91435499,-0.62031464,-10.14802605,-122.65909079,-3.26905775,-3.94523429,-4.64799959,-9.90554366,-9.84035671,-9.77553433,-7.87401377,-8.1829989,-8.50147101,2.27901848,2.2677367,2.24134363
80,0.3900000000000001,0.395,0.3999999999999999,-16.76477454,-0.46491845,-9.92376034,-122.90790352,-3.94523429,-4.64799959,-5.36172922,-9.84035671,-9.77553433,-9.69435574,-8.1829989,-8.50147101,-8.81139095,2.2677367,2.24134363,2.19827724
81,0.395,0.3999999999999999,0.40500000000000025,-14.56449611,-0.29868046,-9.71053053,-123.01559107,-4.64799959,-5.36172922,-6.07283032,-9.77553433,-9.69435574,-9.62492654,-8.50147101,-8.81139095,-9.17868516,2.24134363,2.19827724,2.15050821
82,0.3999999999999999,0.40500000000000025,0.41000000000000014,-12.36801744,-0.12511987,-9.50447723,-122.97054864,-5.36172922,-6.07283032,-6.76465826,-9.69435574,-9.62492654,-9.52163353,-8.81139095,-9.17868516,-9.55080184,2.19827724,2.15050821,2.0926167
83,0.40500000000000025,0.41000000000000014,0.41500000000000004,-10.22755436,0.0524949,-9.29712831,-122.75879171,-6.07283032,-6.76465826,-7.41063112,-9.62492654,-9.52163353,-9.38567183,-9.17868516,-9.55080184,-9.93703185,2.15050821,2.0926167,2.00600575
84,0.41000000000000014,0.41500000000000004,0.41999999999999993,-8.19063739,0.23119067,-9.07582462,-122.36376875,-6.76465826,-7.41063112,-8.01321373,-9.52163353,-9.38567183,-9.30190139,-9.55080184,-9.93703185,-10.33534903,2.0926167,2.00600575,1.89648951
85,0.41500000000000004,0.41999999999999993,0.4249999999999998,-11.97802544,1.58023698,-8.82964126,-121.76576248,-7.41063112,-8.01321373,-8.52609175,-9.38567183,-9.30190139,-9.23458046,-9.93703185,-10.33534903,-10.77180952,2.00600575,1.89648951,1.78009828
86,0.41999999999999993,0.4249999999999998,0.43000000000000016,-12.15177541,2.75338326,-8.53777349,-120.94078007,-8.01321373,-8.52609175,-8.98035751,-9.30190139,-9.23458046,-9.26111348,-10.33534903,-10.77180952,-11.22952033,1.89648951,1.78009828,1.63464835
87,0.4249999999999998,0.43000000000000016,0.43500000000000005,-12.19446782,4.25551237,-8.17583755,-119.85909011,-8.52609175,-8.98035751,-9.34424396,-9.23458046,-9.26111348,-9.40150155,-10.77180952,-11.22952033,-11.72415596,1.78009828,1.63464835,1.45377467
88,0.43000000000000016,0.43500000000000005,0.43999999999999995,-11.64365806,6.03987971,-7.72240381,-118.48564409,-8.98035751,-9.34424396,-9.59422958,-9.26111348,-9.40150155,-9.66315961,-11.22952033,-11.72415596,-12.25530316,1.63464835,1.45377467,1.2838649
89,0.43500000000000005,0.43999999999999995,0.44499999999999984,-10.0114787,7.99135214,-7.16692982,-116.78035879,-9.34424396,-9.59422958,-9.7764097,-9.40150155,-9.66315961,-10.07843324,-11.72415596,-12.25530316,-12.82201106,1.45377467,1.2838649,1.05131498
90,0.43999999999999995,0.44499999999999984,0.4500000000000002,-7.06009957,9.97192577,-6.53743233,-114.70155958,-9.59422958,-9.7764097,-9.88268265,-9.66315961,-10.07843324,-10.63228725,-12.25530316,-12.82201106,-13.41632976,1.2838649,1.05131498,0.72659192
91,0.44499999999999984,0.4500000000000002,0.45500000000000007,-3.01353151,11.86375538,-5.86109714,-112.21099983,-9.7764097,-9.88268265,-9.95137676,-10.07843324,-10.63228725,-11.29399406,-12.82201106,-13.41632976,-14.05454824,1.05131498,0.72659192,0.39546948
92,0.4500000000000002,0.45500000000000007,0.45999999999999996,1.59018914,13.56744936,-5.09173195,-109.25527605,-9.88268265,-9.95137676,-9.96433752,-10.63228725,-11.29399406,-12.02643964,-13.41632976,-14.05454824,-14.71880391,0.72659192,0.39546948,-0.02704965
93,0.45500000000000007,0.45999999999999996,0.46499999999999986,6.11719996,14.99027371,-4.28114826,-105.80901529,-9.95137676,-9.96433752,-10.00204223,-11.29399406,-12.02643964,-12.74279875,-14.05454824,-14.71880391,-15.47959667,0.39546948,-0.02704965,-0.4765837
94,0.45999999999999996,0.46499999999999986,0.4700000000000002,10.01169538,16.05400124,-3.47168284,-101.85186651,-9.96433752,-10.00204223,-10.05256895,-12.02643964,-12.74279875,-13.46165099,-14.71880391,-15.47959667,-16.25232905,-0.02704965,-0.4765837,-1.00731351
95,0.46499999999999986,0.4700000000000002,0.4750000000000001,12.9614153,16.71843168,-2.69209948,-97.36858646,-10.00204223,-10.05256895,-10.13636655,-12.74279875,-13.46165099,-14.09009646,-15.47959667,-16.25232905,-17.07760301,-0.4765837,-1.00731351,-1.63776689
96,0.4700000000000002,0.4750000000000001,0.48,15.00535822,16.99072815,-2.02476344,-92.37027427,-10.05256895,-10.13636655,-10.26202297,-13.46165099,-14.09009646,-14.60877967,-16.25232905,-17.07760301,-17.94734288,-1.00731351,-1.63776689,-2.37406127
97,0.4750000000000001,0.48,0.4849999999999999,16.49897866,16.92260528,-1.47728638,-86.86102783,-10.13636655,-10.26202297,-10.42154445,-14.09009646,-14.60877967,-15.04105834,-17.07760301,-17.94734288,-18.87055882,-1.63776689,-2.37406127,-3.18748443
98,0.48,0.4849999999999999,0.4900000000000002,17.88299538,16.58751161,-1.08337224,-80.87253154,-10.26202297,-10.42154445,-10.62151003,-14.60877967,-15.04105834,-15.29906431,-17.94734288,-18.87055882,-19.78541329,-2.37406127,-3.18748443,-4.17791128
99,0.4849999999999999,0.4900000000000002,0.4950000000000001,19.46461494,16.05894966,-0.92025453,-74.44891801,-10.42154445,-10.62151003,-10.86112629,-15.04105834,-15.29906431,-15.44079689,-18.87055882,-19.78541329,-20.83247157,-3.18748443,-4.17791128,-5.19297027
100,0.4900000000000002,0.4950000000000001,0.5,21.25646765,15.38154371,-0.89617847,-67.64856701,-10.62151003,-10.86112629,-11.07219418,-15.29906431,-15.44079689,-15.51259746,-19.78541329,-20.83247157,-21.97396374,-4.17791128,-5.19297027,-6.20329173
101,0.4950000000000001,0.5,0.5049999999999999,23.07774152,14.5823254,-0.97051547,-60.55325104,-10.86112629,-11.07219418,-11.32167506,-15.44079689,-15.51259746,-15.47136084,-20.83247157,-21.97396374,-23.00738618,-5.19297027,-6.20329173,-7.70700492
102,0.5,0.5049999999999999,0.5100000000000002,24.73139032,13.68728083,-1.04695661,-53.25353379,-11.07219418,-11.32167506,-11.58131948,-15.51259746,-15.47136084,-15.26402942,-21.97396374,-23.00738618,-24.17493353,-6.20329173,-7.70700492,-9.17561779
103,0.5049999999999999,0.5100000000000002,0.5150000000000001,26.13934611,12.73014107,-1.03611572,-45.86132007,-11.32167506,-11.58131948,-11.82167452,-15.47136084,-15.26402942,-15.02656491,-23.00738618,-24.17493353,-25.4011249,-7.70700492,-9.17561779,-10.75828144
104,0.5100000000000002,0.5150000000000001,0.52,27.33216174,11.74728235,-0.89056431,-38.51459874,-11.58131948,-11.82167452,-12.04608749,-15.26402942,-15.02656491,-14.72516401,-24.17493353,-25.4011249,-26.6466463,-9.17561779,-10.75828144,-12.51221869
105,0.5150000000000001,0.52,0.5249999999999999,28.37302984,10.76921514,-0.57847004,-31.36345844,-11.82167452,-12.04608749,-12.2739982,-15.02656491,-14.72516401,-14.35714322,-25.4011249,-26.6466463,-27.95588931,-10.75828144,-12.51221869,-14.32321166
106,0.52,0.5249999999999999,0.5300000000000002,29.29438466,9.81548059,-0.13012779,-24.57777129,-12.04608749,-12.2739982,-12.47531354,-14.72516401,-14.35714322,-14.0027165,-26.6466463,-27.95588931,-29.29262806,-12.51221869,-14.32321166,-16.30971887
107,0.5249999999999999,0.5300000000000002,0.5350000000000001,30.10926625,8.89813152,0.39923928,-18.32487218,-12.2739982,-12.47531354,-12.63993989,-14.35714322,-14.0027165,-13.60369288,-27.95588931,-29.29262806,-30.62521116,-14.32321166,-16.30971887,-18.37322013
108,0.5300000000000002,0.5350000000000001,0.54,30.82345561,8.02204336,0.9202437,-12.76156622,-12.47531354,-12.63993989,-12.79351106,-14.0027165,-13.60369288,-13.19626261,-29.29262806,-30.62521116,-32.0042537,-16.30971887,-18.37322013,-20.4271987
109,0.5350000000000001,0.54,0.5449999999999999,31.45108027,7.1875321,1.28128531,-8.03056221,-12.63993989,-12.79351106,-12.92932873,-13.60369288,-13.19626261,-12.78722564,-30.62521116,-32.0042537,-33.41771602,-18.37322013,-20.4271987,-22.4258199
110,0.54,0.5449999999999999,0.5499999999999998,32.00719837,6.39005668,1.34076019,-4.22454387,-12.79351106,-12.92932873,-13.00068401,-13.19626261,-12.78722564,-12.40904706,-32.0042537,-33.41771602,-34.83021039,-20.4271987,-22.4258199,-24.33093103
111,0.5449999999999999,0.5499999999999998,0.5549999999999997,32.50897323,5.62273653,-1.51917771,1.84467227,-12.92932873,-13.00068401,-13.07941386,-12.78722564,-12.40904706,-11.98129689,-33.41771602,-34.83021039,-36.27541856,-22.4258199,-24.33093103,-26.13457211
112,0.5499999999999998,0.5549999999999997,0.5599999999999996,32.97295466,4.8782069,-1.54295971,1.94598718,-13.00068401,-13.07941386,-13.09942405,-12.40904706,-11.98129689,-11.60678137,-34.83021039,-36.27541856,-37.73587568,-24.33093103,-26.13457211,-27.69774967
113,0.5549999999999997,0.5599999999999996,0.5650000000000004,33.41450404,4.14878352,-1.38694425,2.04643759,-13.07941386,-13.09942405,-13.05969087,-11.98129689,-11.60678137,-11.27672713,-36.27541856,-37.73587568,-39.24814691,-26.13457211,-27.69774967,-28.82840672
114,0.5599999999999996,0.5650000000000004,0.5700000000000003,33.84038116,3.42534787,-1.10888627,2.13869968,-13.09942405,-13.05969087,-13.02438847,-11.60678137,-11.27672713,-10.90946083,-37.73587568,-39.24814691,-40.71871596,-27.69774967,-28.82840672,-29.98193397
115,0.5650000000000004,0.5700000000000003,0.5750000000000002,34.25573663,2.69927952,-0.67762601,2.22178913,-13.05969087,-13.02438847,-12.92134087,-11.27672713,-10.90946083,-10.581776,-39.24814691,-40.71871596,-42.20424676,-28.82840672,-29.98193397,-30.68857232
116,0.5700000000000003,0.5750000000000002,0.5800000000000001,34.65498068,1.96083764,-0.06418644,2.29547794,-13.02438847,-12.92134087,-12.79704544,-10.90946083,-10.581776,-10.27709181,-40.71871596,-42.20424676,-43.69500426,-29.98193397,-30.68857232,-31.12425896
117,0.5750000000000002,0.5800000000000001,0.585,35.02492165,1.2004693,0.70645391,2.35608454,-12.92134087,-12.79704544,-12.64230204,-10.581776,-10.27709181,-9.98355262,-42.20424676,-43.69500426,-45.17016728,-30.68857232,-31.12425896,-31.28003831
118,0.5800000000000001,0.585,0.5899999999999999,35.33833274,0.40771576,1.60054068,2.399962,-12.79704544,-12.64230204,-12.45014023,-10.27709181,-9.98355262,-9.71797389,-43.69500426,-45.17016728,-46.61550028,-31.12425896,-31.28003831,-31.20518581
119,0.585,0.5899999999999999,0.5949999999999998,35.56042461,-0.42676437,2.57831066,2.42388265,-12.64230204,-12.45014023,-12.24193783,-9.98355262,-9.71797389,-9.45253946,-45.17016728,-46.61550028,-48.02970337,-31.28003831,-31.20518581,-30.91458217
120,0.5899999999999999,0.5949999999999998,0.5999999999999996,35.6508296,-1.31071395,3.59691201,2.42539819,-12.45014023,-12.24193783,-12.00898465,-9.71797389,-9.45253946,-9.18636357,-46.61550028,-48.02970337,-49.39370302,-31.20518581,-30.91458217,-30.45096253
121,0.5949999999999998,0.5999999999999996,0.6050000000000004,35.5718875,-2.2493605,4.61319054,2.40312708,-12.24193783,-12.00898465,-11.75839477,-9.45253946,-9.18636357,-8.97118551,-48.02970337,-49.39370302,-50.70512917,-30.91458217,-30.45096253,-29.88897354
122,0.5999999999999996,0.6050000000000004,0.6100000000000003,35.29404209,-3.24550769,5.5861172,2.35693209,-12.00898465,-11.75839477,-11.49928193,-9.18636357,-8.97118551,-8.71002669,-49.39370302,-50.70512917,-51.94764719,-30.45096253,-29.88897354,-29.20988873
123,0.6050000000000004,0.6100000000000003,0.6150000000000002,34.80487375,-4.29905684,6.47871894,2.28796663,-11.75839477,-11.49928193,-11.22583111,-8.97118551,-8.71002669,-8.49175152,-50.70512917,-51.94764719,-53.11668986,-29.88897354,-29.20988873,-28.51499065
124,0.6100000000000003,0.6150000000000002,0.6200000000000001,34.10824932,-5.40823803,7.25946971,2.1985878,-11.49928193,-11.22583111,-10.9691202,-8.71002669,-8.49175152,-8.27832072,-51.94764719,-53.11668986,-54.24902085,-29.20988873,-28.51499065,-27.71725394
125,0.6150000000000002,0.6200000000000001,0.625,33.22762337,-6.56875651,7.90315321,2.09215325,-11.22583111,-10.9691202,-10.65696914,-8.49175152,-8.27832072,-8.09102353,-53.11668986,-54.24902085,-55.22975175,-28.51499065,-27.71725394,-27.13848054
126,0.6200000000000001,0.625,0.6299999999999999,32.1974723,-7.77491622,8.39123481,1.97273547,-10.9691202,-10.65696914,-10.37728114,-8.27832072,-8.09102353,-7.89197491,-54.24902085,-55.22975175,-56.14068706,-27.71725394,-27.13848054,-26.51163531
127,0.625,0.6299999999999999,0.6349999999999998,31.05756027,-9.01988282,8.71184782,1.84479322,-10.65696914,-10.37728114,-10.09825586,-8.09102353,-7.89197491,-7.66432784,-55.22975175,-56.14068706,-56.98364055,-27.13848054,-26.51163531,-25.84136636
128,0.6299999999999999,0.6349999999999998,0.6399999999999997,29.84571475,-10.29595644,8.85954652,1.71283712,-10.37728114,-10.09825586,-9.8037557,-7.89197491,-7.66432784,-7.49207078,-56.14068706,-56.98364055,-57.73773306,-26.51163531,-25.84136636,-25.29646103
129,0.6349999999999998,0.6399999999999997,0.6450000000000005,28.58539798,-11.59503781,8.83490325,1.58112315,-10.09825586,-9.8037557,-9.51658465,-7.66432784,-7.49207078,-7.30274398,-56.98364055,-57.73773306,-58.40801565,-25.84136636,-25.29646103,-24.78023181
130,0.6399999999999997,0.6450000000000005,0.6500000000000004,27.3010555,-12.90952473,8.6439508,1.45340398,-9.8037557,-9.51658465,-9.23337332,-7.49207078,-7.30274398,-7.11717344,-57.73773306,-58.40801565,-58.98784235,-25.29646103,-24.78023181,-24.28861124
131,0.6450000000000005,0.6500000000000004,0.6550000000000002,26.01384762,-14.23227097,8.29750626,1.3327569,-9.51658465,-9.23337332,-8.94856242,-7.30274398,-7.11717344,-6.93936092,-58.40801565,-58.98784235,-59.48495721,-24.78023181,-24.28861124,-23.79723146
132,0.6500000000000004,0.6550000000000002,0.6600000000000001,24.73913191,-15.55785043,7.81043738,1.22149344,-9.23337332,-8.94856242,-8.66310863,-7.11717344,-6.93936092,-6.76411557,-58.98784235,-59.48495721,-59.89813064,-24.28861124,-23.79723146,-23.31661521
133,0.6550000000000002,0.6600000000000001,0.665,23.48809336,-16.88319034,7.20248213,1.12132187,-8.94856242,-8.66310863,-8.38680223,-6.93936092,-6.76411557,-6.59638467,-59.48495721,-59.89813064,-60.28433254,-23.79723146,-23.31661521,-22.8492491
134,0.6600000000000001,0.665,0.6699999999999999,22.26382146,-18.20862815,6.49172825,1.03280792,-8.66310863,-8.38680223,-8.10814412,-6.76411557,-6.59638467,-6.40934789,-59.89813064,-60.28433254,-60.50940723,-23.31661521,-22.8492491,-22.36405418
135,0.665,0.6699999999999999,0.6749999999999998,21.0623531,-19.53700157,5.69845043,0.95589267,-8.38680223,-8.10814412,-7.8136387,-6.59638467,-6.40934789,-6.26599653,-60.28433254,-60.50940723,-60.69482145,-22.8492491,-22.36405418,-21.86736669
136,0.6699999999999999,0.6749999999999998,0.6799999999999997,19.87456877,-20.8725991,4.84750109,0.89044645,-8.10814412,-7.8136387,-7.52523116,-6.40934789,-6.26599653,-6.11212796,-60.50940723,-60.69482145,-60.81843472,-22.36405418,-21.86736669,-21.363564
137,0.6749999999999998,0.6799999999999997,0.6849999999999996,18.68809626,-22.22082114,3.96244779,0.83588282,-7.8136387,-7.52523116,-7.21062351,-6.26599653,-6.11212796,-6.0154957,-60.69482145,-60.81843472,-60.86807639,-21.86736669,-21.363564,-20.83001837
138,0.6799999999999997,0.6849999999999996,0.6900000000000004,17.49114357,-23.58728535,3.06492782,0.7913077,-7.52523116,-7.21062351,-6.92932683,-6.11212796,-6.0154957,-5.86548239,-60.81843472,-60.86807639,-60.86634573,-21.363564,-20.83001837,-20.28387406
139,0.6849999999999996,0.6900000000000004,0.6950000000000003,16.27396983,-24.97763074,2.1741031,0.75565523,-7.21062351,-6.92932683,-6.6445634,-6.0154957,-5.86548239,-5.72165516,-60.86807639,-60.86634573,-60.81045639,-20.83001837,-20.28387406,-19.72169733
140,0.6900000000000004,0.6950000000000003,0.7000000000000002,15.02883101,-26.3969307,1.30625164,0.72780039,-6.92932683,-6.6445634,-6.34205559,-5.86548239,-5.72165516,-5.58053125,-60.86634573,-60.81045639,-60.70723963,-20.28387406,-19.72169733,-19.15900584
141,0.6950000000000003,0.7000000000000002,0.7050000000000001,13.74864912,-27.84953049,0.47451674,0.70664424,-6.6445634,-6.34205559,-6.05471704,-5.72165516,-5.58053125,-5.40519743,-60.81045639,-60.70723963,-60.55724916,-19.72169733,-19.15900584,-18.63002467
142,0.7000000000000002,0.7050000000000001,0.71,12.42412571,-29.3398344,-0.31118839,0.69116994,-6.34205559,-6.05471704,-5.77342455,-5.58053125,-5.40519743,-5.2948086,-60.70723963,-60.55724916,-60.35906965,-19.15900584,-18.63002467,-17.99320649
143,0.7050000000000001,0.71,0.7149999999999999,11.05014701,-30.87216009,-1.04412458,0.68046974,-6.05471704,-5.77342455,-5.44512745,-5.40519743,-5.2948086,-5.18064009,-60.55724916,-60.35906965,-60.1252324,-18.63002467,-17.99320649,-17.39056246
144,0.71,0.7149999999999999,0.7199999999999998,9.63424617,-32.45011024,-1.7205232,0.67374685,-5.77342455,-5.44512745,-5.1745447,-5.2948086,-5.18064009,-5.0321919,-60.35906965,-60.1252324,-59.84976351,-17.99320649,-17.39056246,-16.79065059
145,0.7149999999999999,0.7199999999999998,0.7249999999999996,8.19330496,-34.07711312,-2.3356915,0.67068045,-5.44512745,-5.1745447,-4.88251747,-5.18064009,-5.0321919,-4.86770929,-60.1252324,-59.84976351,-59.53577609,-17.39056246,-16.79065059,-16.24171795
146,0.7199999999999998,0.7249999999999996,0.7300000000000004,6.75255066,-35.75602102,-2.8905832,0.67063833,-5.1745447,-4.88251747,-4.60369302,-5.0321919,-4.86770929,-4.74944379,-59.84976351,-59.53577609,-59.19605007,-16.79065059,-16.24171795,-15.57635771
147,0.7249999999999996,0.7300000000000004,0.7350000000000003,5.34223206,-37.48973923,-3.38793162,0.67304402,-4.88251747,-4.60369302,-4.34507724,-4.86770929,-4.74944379,-4.5739989,-59.53577609,-59.19605007,-58.80817802,-16.24171795,-15.57635771,-15.03022707
148,0.7300000000000004,0.7350000000000003,0.7400000000000002,3.9949393,-39.28120499,-3.83134714,0.67738798,-4.60369302,-4.34507724,-4.1082687,-4.74944379,-4.5739989,-4.42789067,-59.19605007,-58.80817802,-58.40598524,-15.57635771,-15.03022707,-14.37238218
149,0.7350000000000003,0.7400000000000002,0.7450000000000001,2.74148156,-41.13232262,-4.22531445,0.68315892,-4.34507724,-4.1082687,-3.88758328,-4.5739989,-4.42789067,-4.23453374,-58.80817802,-58.40598524,-57.94425391,-15.03022707,-14.37238218,-13.85425953
150,0.7400000000000002,0.7450000000000001,0.75,1.60786624,-43.04275008,-4.5747657,0.68983697,-4.1082687,-3.88758328,-3.7252414,-4.42789067,-4.23453374,-4.04336142,-58.40598524,-57.94425391,-57.46287373,-14.37238218,-13.85425953,-13.2821708
151,0.7450000000000001,0.75,0.7549999999999999,0.61151517,-45.00871123,-4.88470957,0.69689931,-3.88758328,-3.7252414,-3.54644729,-4.23453374,-4.04336142,-3.84305458,-57.94425391,-57.46287373,-56.97645281,-13.85425953,-13.2821708,-12.71941501
152,0.75,0.7549999999999999,0.7599999999999998,-0.24199232,-47.02269628,-5.15990183,0.70383773,-3.7252414,-3.54644729,-3.41084364,-4.04336142,-3.84305458,-3.62149814,-57.46287373,-56.97645281,-56.43704191,-13.2821708,-12.71941501,-12.22398231
153,0.7549999999999999,0.7599999999999998,0.7649999999999997,-0.96127878,-49.07459406,-5.40457538,0.71018575,-3.54644729,-3.41084364,-3.3068406,-3.84305458,-3.62149814,-3.39324107,-56.97645281,-56.43704191,-55.85982112,-12.71941501,-12.22398231,-11.76982738
154,0.7599999999999998,0.7649999999999997,0.7700000000000005,-1.56715333,-51.1527256,-5.6222836,0.71555121,-3.41084364,-3.3068406,-3.20768927,-3.62149814,-3.39324107,-3.14612924,-56.43704191,-55.85982112,-55.24452014,-12.22398231,-11.76982738,-11.37167638
155,0.7649999999999997,0.7700000000000005,0.7750000000000004,-2.08850706,-53.24480103,-5.81587284,0.71965037,-3.3068406,-3.20768927,-3.14940836,-3.39324107,-3.14612924,-2.90773958,-55.85982112,-55.24452014,-54.60606928,-11.76982738,-11.37167638,-10.96126025
156,0.7700000000000005,0.7750000000000004,0.7800000000000002,-2.55846825,-55.33947101,-5.98754037,0.72233891,-3.20768927,-3.14940836,-3.10062967,-3.14612924,-2.90773958,-2.66039591,-55.24452014,-54.60606928,-53.93442298,-11.37167638,-10.96126025,-10.569668
157,0.7750000000000004,0.7800000000000002,0.7850000000000001,-3.00986253,-57.42762434,-6.13892265,0.72363471,-3.14940836,-3.10062967,-3.06551533,-2.90773958,-2.66039591,-2.41796377,-54.60606928,-53.93442298,-53.2311022,-10.96126025,-10.569668,-10.19397594
158,0.7800000000000002,0.7850000000000001,0.79,-3.47116453,-59.50291956,-6.27117228,0.7237281,-3.10062967,-3.06551533,-3.03857732,-2.66039591,-2.41796377,-2.15788161,-53.93442298,-53.2311022,-52.53366774,-10.569668,-10.19397594,-9.73366159
159,0.7850000000000001,0.79,0.7949999999999999,-3.96348452,-61.56139248,-6.38500519,0.72297746,-3.06551533,-3.03857732,-3.01783437,-2.41796377,-2.15788161,-1.91378442,-53.2311022,-52.53366774,-51.762261,-10.19397594,-9.73366159,-9.39780996
160,0.79,0.7949999999999999,0.7999999999999998,-4.49780032,-63.6003242,-6.48075009,0.7218914,-3.03857732,-3.01783437,-3.00449694,-2.15788161,-1.91378442,-1.68329697,-52.53366774,-51.762261,-50.9348098,-9.73366159,-9.39780996,-9.11645859
161,0.7949999999999999,0.7999999999999998,0.8049999999999997,-5.07617131,-65.61803693,-6.55845501,0.72110086,-3.01783437,-3.00449694,-2.99651628,-1.91378442,-1.68329697,-1.44006112,-51.762261,-50.9348098,-50.11357289,-9.39780996,-9.11645859,-8.77357596
162,0.7999999999999998,0.8049999999999997,0.8099999999999996,-5.69251888,-67.6135996,-6.61804832,0.7213235,-3.00449694,-2.99651628,-2.99011195,-1.68329697,-1.44006112,-1.19939873,-50.9348098,-50.11357289,-49.22875048,-9.11645859,-8.77357596,-8.51579551
163,0.8049999999999997,0.8099999999999996,0.8150000000000004,-6.33462961,-69.58682566,-6.65950836,0.72332246,-2.99651628,-2.99011195,-2.98021048,-1.44006112,-1.19939873,-0.99510746,-50.11357289,-49.22875048,-48.32250999,-8.77357596,-8.51579551,-8.24439314
164,0.8099999999999996,0.8150000000000004,0.8200000000000003,-6.98501876,-71.53748267,-6.68301619,0.7278621,-2.99011195,-2.98021048,-2.97713817,-1.19939873,-0.99510746,-0.76934672,-49.22875048,-48.32250999,-47.37929247,-8.51579551,-8.24439314,-8.01186611
165,0.8150000000000004,0.8200000000000003,0.8250000000000002,-7.62304365,-73.46405354,-6.68909016,0.7356639,-2.98021048,-2.97713817,-2.97480711,-0.99510746,-0.76934672,-0.58135706,-48.32250999,-47.37929247,-46.40001401,-8.24439314,-8.01186611,-7.82260138
166,0.8200000000000003,0.8250000000000002,0.8300000000000001,-8.22775132,-75.36394631,-6.6787008,0.74736479,-2.97713817,-2.97480711,-2.97299839,-0.76934672,-0.58135706,-0.37095791,-47.37929247,-46.40001401,-45.40179263,-8.01186611,-7.82260138,-7.6099177
167,0.8250000000000002,0.8300000000000001,0.835,-8.7807682,-77.23401663,-6.65335328,0.76347902,-2.97480711,-2.97299839,-2.97275264,-0.58135706,-0.37095791,-0.17646711,-46.40001401,-45.40179263,-44.37097018,-7.82260138,-7.6099177,-7.43656787
168,0.8300000000000001,0.835,0.8399999999999999,-9.26666133,-79.07031038,-6.6151245,0.78436447,-2.97299839,-2.97275264,-2.9879211,-0.37095791,-0.17646711,0.01274006,-45.40179263,-44.37097018,-43.32567704,-7.6099177,-7.43656787,-7.30530411
169,0.835,0.8399999999999999,0.8449999999999998,-9.67515491,-80.86792285,-6.5666675,0.81019384,-2.97275264,-2.9879211,-3.00502538,-0.17646711,0.01274006,0.22091385,-44.37097018,-43.32567704,-42.23726353,-7.43656787,-7.30530411,-7.17303752
170,0.8399999999999999,0.8449999999999998,0.8499999999999996,-10.00306988,-82.62092299,-6.51120105,0.84093116,-2.9879211,-3.00502538,-3.00870955,0.01274006,0.22091385,0.36959187,-43.32567704,-42.23726353,-41.12274717,-7.30530411,-7.17303752,-7.08069479
171,0.8449999999999998,0.8499999999999996,0.8550000000000004,-10.25390622,-84.32267201,-6.4524751,0.87631466,-3.00502538,-3.00870955,-3.02867707,0.22091385,0.36959187,0.53296524,-42.23726353,-41.12274717,-39.99452132,-7.17303752,-7.08069479,-7.01111665
172,0.8499999999999996,0.8550000000000004,0.8600000000000003,-10.43778381,-85.96708893,-6.44649727,0.91231716,-3.00870955,-3.02867707,-3.06942933,0.36959187,0.53296524,0.70556282,-41.12274717,-39.99452132,-38.86573028,-7.08069479,-7.01111665,-6.9733247
173,0.8550000000000004,0.8600000000000003,0.8650000000000002,-10.57002903,-87.54952872,-6.46193062,0.95091593,-3.02867707,-3.06942933,-3.09328794,0.53296524,0.70556282,0.86121222,-39.99452132,-38.86573028,-37.67853242,-7.01111665,-6.9733247,-6.95360183
174,0.8600000000000003,0.8650000000000002,0.8700000000000001,-10.66680097,-89.06704572,-6.49969743,0.99149343,-3.06942933,-3.09328794,-3.13342971,0.70556282,0.86121222,1.00799284,-38.86573028,-37.67853242,-36.48125885,-6.9733247,-6.95360183,-6.97923635
175,0.8650000000000002,0.8700000000000001,0.875,-10.74210356,-90.51851769,-6.56544062,1.03290277,-3.09328794,-3.13342971,-3.17736833,0.86121222,1.00799284,1.14707506,-37.67853242,-36.48125885,-35.26767731,-6.95360183,-6.97923635,-7.05385601
176,0.8700000000000001,0.875,0.8799999999999999,-10.80621598,-91.90457129,-6.66473383,1.07382361,-3.13342971,-3.17736833,-3.2244416,1.00799284,1.14707506,1.30233524,-36.48125885,-35.26767731,-34.05287565,-6.97923635,-7.05385601,-7.15445171
177,0.875,0.8799999999999999,0.8849999999999998,-10.86514201,-93.22779499,-6.80297383,1.11279801,-3.17736833,-3.2244416,-3.28863966,1.14707506,1.30233524,1.47024898,-35.26767731,-34.05287565,-32.80901937,-7.05385601,-7.15445171,-7.28123355
178,0.8799999999999999,0.8849999999999998,0.8899999999999997,-10.92060593,-94.49290668,-6.98531468,1.14827148,-3.2244416,-3.28863966,-3.36037491,1.30233524,1.47024898,1.64647571,-34.05287565,-32.80901937,-31.52165859,-7.15445171,-7.28123355,-7.43244423
179,0.8849999999999998,0.8899999999999997,0.8950000000000005,-10.97156699,-95.70662374,-7.21666146,1.1786364,-3.28863966,-3.36037491,-3.43343953,1.47024898,1.64647571,1.8179311,-32.80901937,-31.52165859,-30.22260435,-7.28123355,-7.43244423,-7.64593237
180,0.8899999999999997,0.8950000000000005,0.9000000000000004,-11.01509912,-96.87689364,-7.50674529,1.20270207,-3.36037491,-3.43343953,-3.51572121,1.64647571,1.8179311,1.99112185,-31.52165859,-30.22260435,-28.90611833,-7.43244423,-7.64593237,-7.88679548
181,0.8950000000000005,0.9000000000000004,0.9050000000000002,-11.04825192,-98.01283812,-7.85453412,1.21854428,-3.43343953,-3.51572121,-3.59344523,1.8179311,1.99112185,2.1624142,-30.22260435,-28.90611833,-27.59177849,-7.64593237,-7.88679548,-8.15356697
182,0.9000000000000004,0.9050000000000002,0.9100000000000001,-11.06922892,-99.12430807,-8.26384659,1.22463922,-3.51572121,-3.59344523,-3.7054639,1.99112185,2.1624142,2.34544661,-28.90611833,-27.59177849,-26.2204495,-7.88679548,-8.15356697,-8.42484988
183,0.9050000000000002,0.9100000000000001,0.915,-11.07826185,-100.22129896,-8.73874451,1.2196137,-3.59344523,-3.7054639,-3.80294546,2.1624142,2.34544661,2.51411264,-27.59177849,-26.2204495,-24.84859429,-8.15356697,-8.42484988,-8.74750091
184,0.9100000000000001,0.915,0.9199999999999999,-11.0776974,-101.31329728,-9.28319282,1.2022598,-3.7054639,-3.80294546,-3.90772461,2.34544661,2.51411264,2.67466162,-26.2204495,-24.84859429,-23.47282091,-8.42484988,-8.74750091,-9.06538443
185,0.915,0.9199999999999999,0.9249999999999998,-11.07077013,-102.40836792,-9.90096531,1.17157175,-3.80294546,-3.90772461,-4.01748083,2.51411264,2.67466162,2.82698878,-24.84859429,-23.47282091,-22.09417288,-8.74750091,-9.06538443,-9.38359205
186,0.9199999999999999,0.9249999999999998,0.9299999999999997,-11.06071805,-103.51288062,-10.59541588,1.12678099,-3.90772461,-4.01748083,-4.1311777,2.67466162,2.82698878,2.97314941,-23.47282091,-22.09417288,-20.71585699,-9.06538443,-9.38359205,-9.69155123
187,0.9249999999999998,0.9299999999999997,0.9349999999999996,-11.0512644,-104.6315543,-11.49769216,1.06766002,-4.01748083,-4.1311777,-4.24627759,2.82698878,2.97314941,3.10872556,-22.09417288,-20.71585699,-19.34550013,-9.38359205,-9.69155123,-9.99478977
188,0.9299999999999997,0.9349999999999996,0.9400000000000004,-11.0462387,-105.76718929,-12.5051464,0.99426602,-4.1311777,-4.24627759,-4.36712816,2.97314941,3.10872556,3.22963058,-20.71585699,-19.34550013,-17.99016409,-9.69155123,-9.99478977,-10.26779276
189,0.9349999999999996,0.9400000000000004,0.9450000000000003,-11.04905687,-106.92094217,-13.55315799,0.90659554,-4.24627759,-4.36712816,-4.48813866,3.10872556,3.22963058,3.34946111,-19.34550013,-17.99016409,-16.65192847,-9.99478977,-10.26779276,-10.50900987
190,0.9400000000000004,0.9450000000000003,0.9500000000000002,-11.06243859,-108.09226128,-14.63243551,0.80499567,-4.36712816,-4.48813866,-4.59663129,3.22963058,3.34946111,3.44938851,-17.99016409,-16.65192847,-15.35062821,-10.26779276,-10.50900987,-10.73019531
191,0.9450000000000003,0.9500000000000002,0.9550000000000001,-11.08787955,-109.27941387,-15.73268194,0.69017078,-4.48813866,-4.59663129,-4.75029081,3.34946111,3.44938851,3.56801549,-16.65192847,-15.35062821,-14.04503586,-10.50900987,-10.73019531,-10.89944657
192,0.9500000000000002,0.9550000000000001,0.96,-11.12350552,-110.47942978,-16.84240822,0.56322261,-4.59663129,-4.75029081,-4.87255285,3.44938851,3.56801549,3.64737205,-15.35062821,-14.04503586,-12.79391251,-10.73019531,-10.89944657,-11.06134166
193,0.9550000000000001,0.96,0.9649999999999999,-11.16329617,-111.68845694,-17.94871389,0.42568499,-4.75029081,-4.87255285,-5.0168482,3.56801549,3.64737205,3.75206618,-14.04503586,-12.79391251,-11.55773818,-10.89944657,-11.06134166,-11.21552102
194,0.96,0.9649999999999999,0.9699999999999998,-11.19667527,-112.9012095,-19.03705687,0.27954772,-4.87255285,-5.0168482,-5.16705801,3.64737205,3.75206618,3.83487797,-12.79391251,-11.55773818,-10.36165289,-11.06134166,-11.21552102,-11.30976231
195,0.9649999999999999,0.9699999999999998,0.9749999999999996,-11.20978105,-114.11053509,-20.07667713,0.12456209,-5.0168482,-5.16705801,-5.30269856,3.75206618,3.83487797,3.90464366,-11.55773818,-10.36165289,-9.23035368,-11.21552102,-11.30976231,-11.44566322
196,0.9699999999999998,0.9749999999999996,0.9800000000000004,-11.18612046,-115.30698491,-21.07276854,-0.03343395,-5.16705801,-5.30269856,-5.46049625,3.83487797,3.90464366,3.9599013,-10.36165289,-9.23035368,-8.14538913,-11.30976231,-11.44566322,-11.52514479
197,0.9749999999999996,0.9800000000000004,0.9850000000000003,-11.10929428,-116.47938634,-22.0085809,-0.18988882,-5.30269856,-5.46049625,-5.59340467,3.90464366,3.9599013,3.99491292,-9.23035368,-8.14538913,-7.14078341,-11.44566322,-11.52514479,-11.60647972
198,0.9800000000000004,0.9850000000000003,0.9900000000000002,-10.96446977,-117.61544175,-22.85707126,-0.34139312,-5.46049625,-5.59340467,-5.76925307,3.9599013,3.99491292,4.05044446,-8.14538913,-7.14078341,-6.21515981,-11.52514479,-11.60647972,-11.72883911
199,0.9850000000000003,0.9900000000000002,0.9950000000000001,-10.73868022,-118.70170347,-23.59072565,-0.48445979,-5.59340467,-5.76925307,-5.93828498,3.99491292,4.05044446,4.09620805,-7.14078341,-6.21515981,-5.36963506,-11.60647972,-11.72883911,-11.78982769
200,0.9900000000000002,0.9950000000000001,1.0,-10.42551766,-119.7244699,-24.18261595,-0.61564753,-5.76925307,-5.93828498,-6.12190998,4.05044446,4.09620805,4.12496429,-6.21515981,-5.36963506,-4.63858636,-11.72883911,-11.78982769,-11.88770691
201,0.9950000000000001,1.0,1.005,-10.02504884,-120.6698775,-24.60754642,-0.73169488,-5.93828498,-6.12190998,-6.31364207,4.09620805,4.12496429,4.15497899,-5.36963506,-4.63858636,-4.01089629,-11.78982769,-11.88770691,-11.95797773
202,1.0,1.005,1.0099999999999998,-9.54366184,-121.52460295,-24.84323276,-0.82965608,-6.12190998,-6.31364207,-6.49117305,4.12496429,4.15497899,4.15062188,-4.63858636,-4.01089629,-3.52544186,-11.88770691,-11.95797773,-11.95800381
203,1.005,1.0099999999999998,1.0149999999999997,-8.98992289,-122.27610691,-24.8714502,-0.90702817,-6.31364207,-6.49117305,-6.66860118,4.15497899,4.15062188,4.14036625,-4.01089629,-3.52544186,-3.14476581,-11.95797773,-11.95800381,-12.02081087
204,1.0099999999999998,1.0149999999999997,1.0200000000000005,-8.37174975,-122.91305791,-24.6790895,-0.96185741,-6.49117305,-6.66860118,-6.90765839,4.15062188,4.14036625,4.13212293,-3.52544186,-3.14476581,-2.89062942,-11.95800381,-12.02081087,-12.03150817
205,1.0149999999999997,1.0200000000000005,1.0250000000000004,-7.69327623,-123.42513005,-24.25906761,-0.99281438,-6.66860118,-6.90765839,-7.1392159,4.14036625,4.13212293,4.08958864,-3.14476581,-2.89062942,-2.79861073,-12.02081087,-12.03150817,-11.99428449
206,1.0200000000000005,1.0250000000000004,1.0300000000000002,-6.95676944,-123.80344315,-23.61102055,-0.99923124,-6.90765839,-7.1392159,-7.3711081,4.13212293,4.08958864,4.02363429,-2.89062942,-2.79861073,-2.80840802,-12.03150817,-11.99428449,-11.97401301
207,1.0250000000000004,1.0300000000000002,1.0350000000000001,-6.16337713,-124.04001283,-22.74170719,-0.98109765,-7.1392159,-7.3711081,-7.61383152,4.08958864,4.02363429,3.96759436,-2.79861073,-2.80840802,-2.93103097,-11.99428449,-11.97401301,-11.97185582
208,1.0300000000000002,1.0350000000000001,1.04,-5.31507921,-124.12769524,-21.66508097,-0.93901542,-7.3711081,-7.61383152,-7.8869719,4.02363429,3.96759436,3.89939924,-2.80840802,-2.93103097,-3.15980221,-11.97401301,-11.97185582,-11.91143289
209,1.0350000000000001,1.04,1.045,-4.41426272,-124.05894309,-20.40200231,-0.87411879,-7.61383152,-7.8869719,-8.16902934,3.96759436,3.89939924,3.8062441,-2.93103097,-3.15980221,-3.49240767,-11.97185582,-11.91143289,-11.85874598
210,1.04,1.045,1.0499999999999998,-3.46494311,-123.82533868,-18.97957752,-0.78797244,-7.8869719,-8.16902934,-8.46150123,3.89939924,3.8062441,3.69031525,-3.15980221,-3.49240767,-3.8978189,-11.91143289,-11.85874598,-11.80502181
211,1.045,1.0499999999999998,1.0549999999999997,-2.47176539,-123.41762882,-17.43013193,-0.68245986,-8.16902934,-8.46150123,-8.77050254,3.8062441,3.69031525,3.55999681,-3.49240767,-3.8978189,-4.35999648,-11.85874598,-11.80502181,-11.74213158
212,1.0499999999999998,1.0549999999999997,1.0599999999999996,-1.43899116,-122.82559431,-15.78984672,-0.55967441,-8.46150123,-8.77050254,-9.09138687,3.69031525,3.55999681,3.41196928,-3.8978189,-4.35999648,-4.86529884,-11.80502181,-11.74213158,-11.67762943
213,1.0549999999999997,1.0599999999999996,1.0650000000000004,-0.36874545,-122.03696181,-14.09711084,-0.42182528,-8.77050254,-9.09138687,-9.43792884,3.55999681,3.41196928,3.25521501,-4.35999648,-4.86529884,-5.38845992,-11.74213158,-11.67762943,-11.60926207
214,1.0599999999999996,1.0650000000000004,1.0700000000000003,0.73932299,-121.03689166,-12.39067444,-0.27116877,-9.09138687,-9.43792884,-9.78855243,3.41196928,3.25521501,3.03891822,-4.86529884,-5.38845992,-5.92602465,-11.67762943,-11.60926207,-11.56142909
215,1.0650000000000004,1.0700000000000003,1.0750000000000002,1.8866181,-119.80702165,-10.70773803,-0.10997058,-9.43792884,-9.78855243,-10.18143379,3.25521501,3.03891822,2.86140556,-5.38845992,-5.92602465,-6.42972595,-11.60926207,-11.56142909,-11.53725002
216,1.0700000000000003,1.0750000000000002,1.08,3.08965065,-118.32499941,-9.08213552,0.05950072,-9.78855243,-10.18143379,-10.59181594,3.03891822,2.86140556,2.60481961,-5.92602465,-6.42972595,-6.92952416,-11.56142909,-11.53725002,-11.56366438
217,1.0750000000000002,1.08,1.085,4.3667326,-116.56560721,-11.98121043,3.26828097,-10.18143379,-10.59181594,-11.02500015,2.86140556,2.60481961,2.37942493,-6.42972595,-6.92952416,-7.35095987,-11.53725002,-11.56366438,-11.69459918
218,1.08,1.085,1.0899999999999999,5.72345435,-114.49997186,-11.42084984,5.23247254,-10.59181594,-11.02500015,-11.4849613,2.60481961,2.37942493,2.09669184,-6.92952416,-7.35095987,-7.7450979,-11.56366438,-11.69459918,-11.93071659
219,1.085,1.0899999999999999,1.0949999999999998,7.1627678,-112.09560198,-10.34278822,7.57377216,-11.02500015,-11.4849613,-11.9782154,2.37942493,2.09669184,1.77617759,-7.35095987,-7.7450979,-8.06508227,-11.69459918,-11.93071659,-12.32024072
220,1.0899999999999999,1.0949999999999998,1.0999999999999996,8.68178731,-109.31766276,-8.33107441,10.1241651,-11.4849613,-11.9782154,-12.51355519,2.09669184,1.77617759,1.40884536,-7.7450979,-8.06508227,-8.31461298,-11.93071659,-12.32024072,-12.85892089
221,1.0949999999999998,1.0999999999999996,1.1050000000000004,10.26416606,-106.13157074,-4.98293848,12.70022163,-11.9782154,-12.51355519,-13.06793355,1.77617759,1.40884536,0.97760916,-8.06508227,-8.31461298,-8.50952892,-12.32024072,-12.85892089,-13.51287496
222,1.0999999999999996,1.1050000000000004,1.1100000000000003,11.88676796,-102.50673846,-0.28920178,15.20041034,-12.51355519,-13.06793355,-13.66801662,1.40884536,0.97760916,0.52979148,-8.31461298,-8.50952892,-8.69269736,-12.85892089,-13.51287496,-14.32903738
223,1.1050000000000004,1.1100000000000003,1.1150000000000002,13.53073263,-98.41744928,5.26626685,17.53119989,-13.06793355,-13.66801662,-14.33183224,0.97760916,0.52979148,0.0030782,-8.50952892,-8.69269736,-8.83873289,-13.51287496,-14.32903738,-15.16274273
224,1.1100000000000003,1.1150000000000002,1.12,15.14373346,-93.85168843,11.06092004,19.58615473,-13.66801662,-14.33183224,-15.02587537,0.52979148,0.0030782,-0.58091463,-8.69269736,-8.83873289,-9.01066017,-14.32903738,-15.16274273,-16.02591435
225,1.1150000000000002,1.12,1.125,16.65864699,-88.81008215,16.4942506,21.28225655,-14.33183224,-15.02587537,-15.74611876,0.0030782,-0.58091463,-1.26486557,-8.83873289,-9.01066017,-9.20420383,-15.16274273,-16.02591435,-16.8357308
226,1.12,1.125,1.13,17.99077409,-83.30863267,21.16910088,22.56432477,-15.02587537,-15.74611876,-16.52584678,-0.58091463,-1.26486557,-2.01863344,-9.01066017,-9.20420383,-9.44951105,-16.02591435,-16.8357308,-17.58662745
227,1.125,1.13,1.1349999999999998,19.05894185,-77.37678647,24.97786624,23.41774172,-15.74611876,-16.52584678,-17.34144375,-1.26486557,-2.01863344,-2.87107206,-9.20420383,-9.44951105,-9.74156481,-16.8357308,-17.58662745,-18.23302949
228,1.13,1.1349999999999998,1.1399999999999997,19.77611082,-71.06217732,28.12643927,23.85553119,-16.52584678,-17.34144375,-18.22289204,-2.01863344,-2.87107206,-3.81924846,-9.44951105,-9.74156481,-10.07778073,-17.58662745,-18.23302949,-18.75421766
229,1.1349999999999998,1.1399999999999997,1.1450000000000005,20.06339522,-64.42913463,30.98218862,23.91924548,-17.34144375,-18.22289204,-19.17392441,-2.87107206,-3.81924846,-4.87130384,-9.74156481,-10.07778073,-10.44332972,-18.23302949,-18.75421766,-19.13757975
230,1.1399999999999997,1.1450000000000005,1.1500000000000004,19.90878204,-57.56320504,33.85612233,23.66380195,-18.22289204,-19.17392441,-20.12610143,-3.81924846,-4.87130384,-6.17063185,-10.07778073,-10.44332972,-10.87415633,-18.75421766,-19.13757975,-19.34246001
231,1.1450000000000005,1.1500000000000004,1.1550000000000002,19.35978971,-50.56774878,36.87059669,23.14465443,-19.17392441,-20.12610143,-21.20703953,-4.87130384,-6.17063185,-7.47142031,-10.44332972,-10.87415633,-11.26697388,-19.13757975,-19.34246001,-19.45352955
232,1.1500000000000004,1.1550000000000002,1.1600000000000001,18.24745226,-43.55817675,39.96959895,22.41271383,-20.12610143,-21.20703953,-22.24406068,-6.17063185,-7.47142031,-9.09659743,-10.87415633,-11.26697388,-11.69644045,-19.34246001,-19.45352955,-19.39236258
233,1.1550000000000002,1.1600000000000001,1.165,16.64437366,-36.66476482,43.03761529,21.51713222,-21.20703953,-22.24406068,-23.36802178,-7.47142031,-9.09659743,-10.83582424,-11.26697388,-11.69644045,-12.11455146,-19.45352955,-19.39236258,-19.20901297
234,1.1600000000000001,1.165,1.17,14.66848516,-30.0270886,45.98400958,20.50692591,-22.24406068,-23.36802178,-24.535079,-9.09659743,-10.83582424,-12.74617926,-11.69644045,-12.11455146,-12.53023666,-19.39236258,-19.20901297,-18.9128897
235,1.165,1.17,1.1749999999999998,12.47137246,-23.78595439,48.75838405,19.42783187,-23.36802178,-24.535079,-25.7351509,-10.83582424,-12.74617926,-14.8356349,-12.11455146,-12.53023666,-12.93945068,-19.20901297,-18.9128897,-18.51613202
236,1.17,1.1749999999999998,1.1799999999999997,10.20548233,-18.07671076,51.32695073,18.31673612,-24.535079,-25.7351509,-26.9630441,-12.74617926,-14.8356349,-17.08103244,-12.53023666,-12.93945068,-13.33290772,-18.9128897,-18.51613202,-18.04423043
237,1.1749999999999998,1.1799999999999997,1.1849999999999996,8.00227338,-13.01712943,53.6634347,17.20311328,-25.7351509,-26.9630441,-28.20697989,-14.8356349,-17.08103244,-19.44867599,-12.93945068,-13.33290772,-13.70234223,-18.51613202,-18.04423043,-17.5226828
238,1.1799999999999997,1.1849999999999996,1.1900000000000004,5.94357644,-8.69780923,55.74899392,16.11044635,-26.9630441,-28.20697989,-29.49865102,-17.08103244,-19.44867599,-21.84726929,-13.33290772,-13.70234223,-14.04147871,-18.04423043,-17.5226828,-16.99479339
239,1.1849999999999996,1.1900000000000004,1.1950000000000003,3.99903803,-5.1686558,57.56645503,15.05314375,-28.20697989,-29.49865102,-30.76672919,-19.44867599,-21.84726929,-24.31557189,-13.70234223,-14.04147871,-14.35695336,-17.5226828,-16.99479339,-16.42348426
240,1.1900000000000004,1.1950000000000003,1.2000000000000002,2.14332379,-2.43669462,59.10501078,14.03807872,-29.49865102,-30.76672919,-32.04059741,-21.84726929,-24.31557189,-26.72680555,-14.04147871,-14.35695336,-14.62858929,-16.99479339,-16.42348426,-15.87743101
241,1.1950000000000003,1.2000000000000002,1.205,-1.58983669,1.70664377,60.36940297,13.06947043,-30.76672919,-32.04059741,-33.31291165,-24.31557189,-26.72680555,-28.97597257,-14.35695336,-14.62858929,-14.82832253,-16.42348426,-15.87743101,-15.35343311
242,1.2000000000000002,1.205,1.21,-1.78388799,1.82726653,61.37221615,12.14675632,-32.04059741,-33.31291165,-34.61409619,-26.72680555,-28.97597257,-31.07412171,-14.62858929,-14.82832253,-15.03398135,-15.87743101,-15.35343311,-14.81818607
243,1.205,1.21,1.2149999999999999,-1.82812609,1.94897318,62.12825829,11.26461707,-33.31291165,-34.61409619,-35.92679868,-28.97597257,-31.07412171,-32.82025079,-14.82832253,-15.03398135,-15.10378398,-15.35343311,-14.81818607,-14.44621743
244,1.21,1.2149999999999999,1.2199999999999998,-1.717059,2.06898298,62.64951925,10.41335405,-34.61409619,-35.92679868,-37.20257391,-31.07412171,-32.82025079,-34.4531453,-15.03398135,-15.10378398,-15.21778546,-14.81818607,-14.44621743,-13.85948382
245,1.2149999999999999,1.2199999999999998,1.2249999999999996,-1.45763325,2.18362937,62.94742652,9.58229752,-35.92679868,-37.20257391,-38.53430697,-32.82025079,-34.4531453,-35.65337207,-15.10378398,-15.21778546,-15.21196443,-14.44621743,-13.85948382,-13.51794878
246,1.2199999999999998,1.2249999999999996,1.2300000000000004,-1.09611232,2.28653495,63.03748719,8.76456764,-37.20257391,-38.53430697,-39.84764391,-34.4531453,-35.65337207,-36.68763802,-15.21778546,-15.21196443,-15.23803851,-13.85948382,-13.51794878,-12.98230081
247,1.2249999999999996,1.2300000000000004,1.2350000000000003,-0.97191185,2.34882042,62.93587525,7.9533102,-38.53430697,-39.84764391,-41.18204496,-35.65337207,-36.68763802,-37.35193801,-15.21196443,-15.23803851,-15.16472634,-13.51794878,-12.98230081,-12.57357586
248,1.2300000000000004,1.2350000000000003,1.2400000000000002,-0.71559222,2.3939731,62.65717762,7.14029327,-39.84764391,-41.18204496,-42.55794213,-36.68763802,-37.35193801,-37.63499586,-15.23803851,-15.16472634,-15.03580371,-12.98230081,-12.57357586,-12.26215039
249,1.2350000000000003,1.2400000000000002,1.245,-0.35291841,2.41882202,62.21173723,6.31558276,-41.18204496,-42.55794213,-43.92708307,-37.35193801,-37.63499586,-37.67239263,-15.16472634,-15.03580371,-14.87807351,-12.57357586,-12.26215039,-11.8448848
250,1.2400000000000002,1.245,1.25,0.08759515,2.42086256,61.60536879,5.46696419,-42.55794213,-43.92708307,-45.29671381,-37.63499586,-37.67239263,-37.38546629,-15.03580371,-14.87807351,-14.66536175,-12.26215039,-11.8448848,-11.54000301
251,1.245,1.25,1.255,0.57695444,2.39852191,60.84284824,4.58404904,-43.92708307,-45.29671381,-46.66226597,-37.67239263,-37.38546629,-36.90559081,-14.87807351,-14.66536175,-14.40818295,-11.8448848,-11.54000301,-11.26420485
252,1.25,1.255,1.2599999999999998,1.08750439,2.35133467,59.92868102,3.6606728,-45.29671381,-46.66226597,-48.00333423,-37.38546629,-36.90559081,-36.18670934,-14.66536175,-14.40818295,-14.12968767,-11.54000301,-11.26420485,-10.96483308
253,1.255,1.2599999999999998,1.2649999999999997,1.59421023,2.28001377,58.86327274,2.69204463,-46.66226597,-48.00333423,-49.30990782,-36.90559081,-36.18670934,-35.29439439,-14.40818295,-14.12968767,-13.82857165,-11.26420485,-10.96483308,-10.67636076
254,1.2599999999999998,1.2649999999999997,1.2700000000000005,2.07541564,2.18641495,57.64292703,1.67275568,-48.00333423,-49.30990782,-50.5718753,-36.18670934,-35.29439439,-34.28847542,-14.12968767,-13.82857165,-13.49541239,-10.96483308,-10.67636076,-10.40918162
255,1.2649999999999997,1.2700000000000005,1.2750000000000004,2.5131704,2.07340611,56.26731944,0.59956561,-49.30990782,-50.5718753,-51.79628087,-35.29439439,-34.28847542,-33.15928995,-13.82857165,-13.49541239,-13.14957712,-10.67636076,-10.40918162,-10.09764532
256,1.2700000000000005,1.2750000000000004,1.2800000000000002,2.89325643,1.94466221,54.74575199,-0.52558517,-50.5718753,-51.79628087,-52.93364029,-34.28847542,-33.15928995,-32.01724134,-13.49541239,-13.14957712,-12.7911619,-10.40918162,-10.09764532,-9.85437078
257,1.2750000000000004,1.2800000000000002,1.2850000000000001,3.20502212,1.80441113,53.09356119,-1.70191453,-51.79628087,-52.93364029,-54.02267328,-33.15928995,-32.01724134,-30.89710793,-13.14957712,-12.7911619,-12.392039,-10.09764532,-9.85437078,-9.65921944
258,1.2800000000000002,1.2850000000000001,1.29,3.44111793,1.65715925,51.33080484,-2.93059926,-52.93364029,-54.02267328,-55.03668059,-32.01724134,-30.89710793,-29.77168891,-12.7911619,-12.392039,-11.99329909,-9.85437078,-9.65921944,-9.43606386
259,1.2850000000000001,1.29,1.295,3.5972388,1.50742402,49.47981854,-4.21285487,-54.02267328,-55.03668059,-55.97216956,-30.89710793,-29.77168891,-28.6555178,-12.392039,-11.99329909,-11.58376982,-9.65921944,-9.43606386,-9.19009054
260,1.29,1.295,1.2999999999999998,3.67194301,1.35949416,47.56250342,-5.54830787,-55.03668059,-55.97216956,-56.8441586,-29.77168891,-28.6555178,-27.63779589,-11.99329909,-11.58376982,-11.19339474,-9.43606386,-9.19009054,-8.99165884
261,1.295,1.2999999999999998,1.3049999999999997,3.66651955,1.2172307,45.59701307,-6.93570374,-55.97216956,-56.8441586,-57.63871217,-28.6555178,-27.63779589,-26.69253766,-11.58376982,-11.19339474,-10.78435725,-9.19009054,-8.99165884,-8.81220524
262,1.2999999999999998,1.3049999999999997,1.3099999999999996,3.58483516,1.08391852,43.59758146,-8.37450763,-56.8441586,-57.63871217,-58.36609913,-27.63779589,-26.69253766,-25.78848306,-11.19339474,-10.78435725,-10.402081,-8.99165884,-8.81220524,-8.62433985
263,1.3049999999999997,1.3099999999999996,1.3150000000000004,3.43312492,0.96217339,41.57780516,-9.86386015,-57.63871217,-58.36609913,-58.99606289,-26.69253766,-25.78848306,-24.9745262,-10.78435725,-10.402081,-9.97287778,-8.81220524,-8.62433985,-8.44478071
264,1.3099999999999996,1.3150000000000004,1.3200000000000003,3.21969954,0.8539034,39.55636905,-11.40256611,-58.36609913,-58.99606289,-59.54425563,-25.78848306,-24.9745262,-24.21514352,-10.402081,-9.97287778,-9.56748571,-8.62433985,-8.44478071,-8.2623556
265,1.3150000000000004,1.3200000000000003,1.3250000000000002,2.95456482,0.76032183,37.55101049,-12.98713208,-58.99606289,-59.54425563,-60.05277348,-24.9745262,-24.21514352,-23.48819118,-9.97287778,-9.56748571,-9.17592305,-8.44478071,-8.2623556,-8.09531969
266,1.3200000000000003,1.3250000000000002,1.33,2.65739521,0.6829852,35.57252428,-14.61132255,-59.54425563,-60.05277348,-60.5750228,-24.21514352,-23.48819118,-22.71390851,-9.56748571,-9.17592305,-8.80880741,-8.2623556,-8.09531969,-7.93148476
267,1.3250000000000002,1.33,1.335,2.32461547,0.62021422,33.62742244,-16.2679895,-60.05277348,-60.5750228,-60.88815045,-23.48819118,-22.71390851,-22.12522665,-9.17592305,-8.80880741,-8.38504172,-8.09531969,-7.93148476,-7.75998442
268,1.33,1.335,1.3399999999999999,1.97044138,0.57173093,31.71511271,-17.95328192,-60.5750228,-60.88815045,-61.27690042,-22.71390851,-22.12522665,-21.39137768,-8.80880741,-8.38504172,-8.04596283,-7.93148476,-7.75998442,-7.58194423
269,1.335,1.3399999999999999,1.3449999999999998,1.60780083,0.53682976,29.83109099,-19.66636493,-60.88815045,-61.27690042,-61.58531043,-22.12522665,-21.39137768,-20.68350904,-8.38504172,-8.04596283,-7.67610122,-7.75998442,-7.58194423,-7.41814271
270,1.3399999999999999,1.3449999999999998,1.3499999999999996,1.24786955,0.51447538,27.97050809,-21.40894063,-61.27690042,-61.58531043,-61.85547639,-21.39137768,-20.68350904,-19.97610142,-8.04596283,-7.67610122,-7.30944642,-7.58194423,-7.41814271,-7.25873185
271,1.3449999999999998,1.3499999999999996,1.3550000000000004,0.89979976,0.50339807,26.13110949,-23.18454304,-61.58531043,-61.85547639,-62.0858601,-20.68350904,-19.97610142,-19.26916424,-7.67610122,-7.30944642,-6.95121024,-7.41814271,-7.25873185,-7.09900245
272,1.3499999999999996,1.3550000000000004,1.3600000000000003,0.5705998,0.50217959,24.31605794,-24.9948097,-61.85547639,-62.0858601,-62.274927,-19.97610142,-19.26916424,-18.56589678,-7.30944642,-6.95121024,-6.60194819,-7.25873185,-7.09900245,-6.94055521
273,1.3550000000000004,1.3600000000000003,1.3650000000000002,0.26512092,0.50932629,22.53238995,-26.83960094,-62.0858601,-62.274927,-62.42360256,-19.26916424,-18.56589678,-17.86919183,-6.95121024,-6.60194819,-6.26237902,-7.09900245,-6.94055521,-6.78668795
274,1.3600000000000003,1.3650000000000002,1.37,-0.01386479,0.52332885,20.78743537,-28.71944893,-62.274927,-62.42360256,-62.52909264,-18.56589678,-17.86919183,-17.1838201,-6.60194819,-6.26237902,-5.93630618,-6.94055521,-6.78668795,-6.63303073
275,1.3650000000000002,1.37,1.375,-0.2655145,0.54270964,19.08774618,-30.63306283,-62.42360256,-62.52909264,-62.59397034,-17.86919183,-17.1838201,-16.51213013,-6.26237902,-5.93630618,-5.62672668,-6.78668795,-6.63303073,-6.47885962
276,1.37,1.375,1.38,-0.49071789,0.56605924,17.44242445,-32.57788565,-62.52909264,-62.59397034,-62.61517325,-17.1838201,-16.51213013,-15.85510819,-5.93630618,-5.62672668,-5.33621202,-6.63303073,-6.47885962,-6.32498379
277,1.375,1.38,1.3849999999999998,-0.69187402,0.59206412,15.86617071,-34.55154262,-62.59397034,-62.61517325,-62.59385432,-16.51213013,-15.85510819,-15.21308168,-5.62672668,-5.33621202,-5.06782625,-6.47885962,-6.32498379,-6.16736135
278,1.38,1.3849999999999998,1.3899999999999997,-0.87265571,0.61952742,14.37572123,-36.55273838,-62.61517325,-62.59385432,-62.52932821,-15.85510819,-15.21308168,-14.58456178,-5.33621202,-5.06782625,-4.82361862,-6.32498379,-6.16736135,-6.00484217
279,1.3849999999999998,1.3899999999999997,1.3950000000000005,-1.03777018,0.64738474,12.98883781,-38.57907931,-62.59385432,-62.52932821,-62.42312211,-15.21308168,-14.58456178,-13.97022659,-5.06782625,-4.82361862,-4.60733271,-6.16736135,-6.00484217,-5.83035003
280,1.3899999999999997,1.3950000000000005,1.4000000000000004,-1.19271678,0.67471556,11.7202008,-40.62963862,-62.52932821,-62.42312211,-62.28493509,-14.58456178,-13.97022659,-13.35130488,-4.82361862,-4.60733271,-4.42960133,-6.00484217,-5.83035003,-5.62144116
281,1.3950000000000005,1.4000000000000004,1.4050000000000002,-1.34351966,0.70075155,10.58125858,-42.70393416,-62.42312211,-62.28493509,-62.09597659,-13.97022659,-13.35130488,-12.68968195,-4.60733271,-4.42960133,-4.24491599,-5.83035003,-5.62144116,-5.43281979
282,1.4000000000000004,1.4050000000000002,1.4100000000000001,-1.49640047,0.72488317,9.57837954,-44.80138322,-62.28493509,-62.09597659,-61.87516519,-13.35130488,-12.68968195,-12.138637,-4.42960133,-4.24491599,-4.12476242,-5.62144116,-5.43281979,-5.22067326
283,1.4050000000000002,1.4100000000000001,1.415,-1.65739135,0.74666469,8.70872616,-46.92448361,-62.09597659,-61.87516519,-61.63595463,-12.68968195,-12.138637,-11.46850407,-4.24491599,-4.12476242,-4.0228463,-5.43281979,-5.22067326,-4.9472594
284,1.4100000000000001,1.415,1.42,-1.83194011,0.76581458,7.96426072,-49.07545151,-61.87516519,-61.63595463,-61.32031765,-12.138637,-11.46850407,-10.95205802,-4.12476242,-4.0228463,-3.96165859,-5.22067326,-4.9472594,-4.7034815
285,1.415,1.42,1.4249999999999998,-2.02458187,0.78220771,7.33387116,-51.25299938,-61.63595463,-61.32031765,-60.94960365,-11.46850407,-10.95205802,-10.35536229,-4.0228463,-3.96165859,-3.91337282,-4.9472594,-4.7034815,-4.43429829
286,1.42,1.4249999999999998,1.4299999999999997,-2.23873314,0.79585914,6.80323684,-53.45147457,-61.32031765,-60.94960365,-60.55207104,-10.95205802,-10.35536229,-9.90771192,-3.96165859,-3.91337282,-3.87915361,-4.7034815,-4.43429829,-4.17525721
287,1.4249999999999998,1.4299999999999997,1.4349999999999996,-2.4766172,0.80690187,6.35481952,-55.66106405,-60.94960365,-60.55207104,-60.08778683,-10.35536229,-9.90771192,-9.46518255,-3.91337282,-3.87915361,-3.88143751,-4.43429829,-4.17525721,-3.90743436
288,1.4299999999999997,1.4349999999999996,1.4400000000000004,-2.72815759,0.81678362,5.96594989,-57.87240707,-60.55207104,-60.08778683,-59.61527386,-9.90771192,-9.46518255,-8.89538556,-3.87915361,-3.88143751,-3.89623113,-4.17525721,-3.90743436,-3.60578131
289,1.4349999999999996,1.4400000000000004,1.4450000000000003,-2.99778612,0.82521814,5.61196161,-60.07664902,-60.08778683,-59.61527386,-59.07595642,-9.46518255,-8.89538556,-8.56702393,-3.88143751,-3.89623113,-3.89307418,-3.90743436,-3.60578131,-3.35752399
290,1.4400000000000004,1.4450000000000003,1.4500000000000002,-3.28289178,0.83263966,5.26969106,-62.26465576,-59.61527386,-59.07595642,-58.50999937,-8.89538556,-8.56702393,-8.10623371,-3.89623113,-3.89307418,-3.92277184,-3.60578131,-3.35752399,-3.07541154
291,1.4450000000000003,1.4500000000000002,1.455,-3.57929351,0.83953955,4.92086281,-64.42702642,-59.07595642,-58.50999937,-57.87998103,-8.56702393,-8.10623371,-7.81774728,-3.89307418,-3.92277184,-3.96469371,-3.35752399,-3.07541154,-2.83468731
292,1.4500000000000002,1.455,1.46,-3.8815941,0.84642593,4.55293208,-66.55403547,-58.50999937,-57.87998103,-57.18817774,-8.10623371,-7.81774728,-7.55202021,-3.92277184,-3.96469371,-3.98657919,-3.07541154,-2.83468731,-2.59093489
293,1.455,1.46,1.4649999999999999,-4.18351559,0.85380702,4.15847381,-68.63592411,-57.87998103,-57.18817774,-56.44213587,-7.81774728,-7.55202021,-7.27312551,-3.96469371,-3.98657919,-4.04491302,-2.83468731,-2.59093489,-2.37101391
294,1.46,1.4649999999999999,1.4699999999999998,-4.47832601,0.86217623,3.73351723,-70.66504916,-57.18817774,-56.44213587,-55.69581111,-7.55202021,-7.27312551,-6.86751202,-3.98657919,-4.04491302,-4.04035544,-2.59093489,-2.37101391,-2.12248383
295,1.4649999999999999,1.4699999999999998,1.4749999999999996,-4.75919431,0.87200226,3.27830847,-72.63605965,-56.44213587,-55.69581111,-54.88493937,-7.27312551,-6.86751202,-6.65493845,-4.04491302,-4.04035544,-4.08264891,-2.37101391,-2.12248383,-1.91424833
296,1.4699999999999998,1.4749999999999996,1.4800000000000004,-5.0194528,0.88372395,2.79604055,-74.54644088,-55.69581111,-54.88493937,-54.03510376,-6.86751202,-6.65493845,-6.313471,-4.04035544,-4.08264891,-4.10085786,-2.12248383,-1.91424833,-1.69887155
297,1.4749999999999996,1.4800000000000004,1.4850000000000003,-5.25286788,0.89774648,2.29233862,-76.39540794,-54.88493937,-54.03510376,-53.1407911,-6.65493845,-6.313471,-6.10227171,-4.08264891,-4.10085786,-4.12872748,-1.91424833,-1.69887155,-1.51608619
298,1.4800000000000004,1.4850000000000003,1.4900000000000002,-5.45396796,0.91443607,1.77855293,-78.18061973,-54.03510376,-53.1407911,-52.18130935,-6.313471,-6.10227171,-5.91826305,-4.10085786,-4.12872748,-4.14496155,-1.69887155,-1.51608619,-1.3304756
299,1.4850000000000003,1.4900000000000002,1.495,-5.61837657,0.93411297,1.26836813,-79.90093423,-53.1407911,-52.18130935,-51.22833574,-6.10227171,-5.91826305,-5.56455951,-4.12872748,-4.14496155,-4.11878693,-1.51608619,-1.3304756,-1.18161798
300,1.4900000000000002,1.495,1.5,-5.74305343,0.95704357,0.77338736,-81.55824754,-52.18130935,-51.22833574,-50.21723063,-5.91826305,-5.56455951,-5.42222855,-4.14496155,-4.11878693,-4.14179571,-1.3304756,-1.18161798,-1.01955323
301,1.495,1.5,1.505,-5.82642584,0.98343065,0.30236963,-83.15606422,-51.22833574,-50.21723063,-49.15953643,-5.56455951,-5.42222855,-5.27939284,-4.11878693,-4.14179571,-4.15367279,-1.18161798,-1.01955323,-0.86089107
302,1.5,1.505,1.5099999999999998,-5.86846566,1.01339999,-0.14134205,-84.70001985,-50.21723063,-49.15953643,-48.10999645,-5.42222855,-5.27939284,-5.00717774,-4.14179571,-4.15367279,-4.11952839,-1.01955323,-0.86089107,-0.74350135
303,1.505,1.5099999999999998,1.5149999999999997,-5.87068426,1.0469829,-0.55449766,-86.1941201,-49.15953643,-48.10999645,-46.99662014,-5.27939284,-5.00717774,-4.9067881,-4.15367279,-4.11952839,-4.12182156,-0.86089107,-0.74350135,-0.58650343
304,1.5099999999999998,1.5149999999999997,1.5200000000000005,-5.83597981,1.0840953,-0.93136426,-87.63732968,-48.10999645,-46.99662014,-45.89649518,-5.00717774,-4.9067881,-4.64809896,-4.11952839,-4.12182156,-4.11414673,-0.74350135,-0.58650343,-0.43948654
305,1.5149999999999997,1.5200000000000005,1.5250000000000004,-5.76837196,1.12451326,-1.26858785,-89.02783106,-46.99662014,-45.89649518,-44.7374303,-4.9067881,-4.64809896,-4.61772367,-4.12182156,-4.11414673,-4.11028225,-0.58650343,-0.43948654,-0.3113835
306,1.5200000000000005,1.5250000000000004,1.5300000000000002,-5.67274402,1.16784603,-1.56685147,-90.36523704,-45.89649518,-44.7374303,-43.54708965,-4.64809896,-4.61772367,-4.57898291,-4.11414673,-4.11028225,-4.12025728,-0.43948654,-0.3113835,-0.16196624
307,1.5250000000000004,1.5300000000000002,1.5350000000000001,-5.55469985,1.21350807,-1.83059759,-91.64947478,-44.7374303,-43.54708965,-42.34237522,-4.61772367,-4.57898291,-4.51012448,-4.11028225,-4.12025728,-4.11095777,-0.3113835,-0.16196624,-0.03104041
308,1.5300000000000002,1.5350000000000001,1.54,-5.42053915,1.26069134,-2.06289093,-92.87817706,-43.54708965,-42.34237522,-41.11837138,-4.57898291,-4.51012448,-4.42643983,-4.12025728,-4.11095777,-4.12329185,-0.16196624,-0.03104041,0.13832128
309,1.5350000000000001,1.54,1.545,-5.29106339,1.30742636,-2.26661691,-94.05124997,-42.34237522,-41.11837138,-39.86725766,-4.51012448,-4.42643983,-4.43818063,-4.11095777,-4.12329185,-4.13683959,-0.03104041,0.13832128,0.26600008
310,1.54,1.545,1.5499999999999998,-5.54837208,1.32872562,-2.44439202,-95.17273758,-41.11837138,-39.86725766,-38.57467768,-4.42643983,-4.43818063,-4.44859298,-4.12329185,-4.13683959,-4.15159084,0.13832128,0.26600008,0.41976123
311,1.545,1.5499999999999998,1.5549999999999997,-5.89845153,1.34460757,-2.59634852,-96.24871897,-39.86725766,-38.57467768,-37.27425517,-4.43818063,-4.44859298,-4.51242957,-4.13683959,-4.15159084,-4.1779383,0.26600008,0.41976123,0.54518326
312,1.5499999999999998,1.5549999999999997,1.5599999999999996,-6.35509375,1.35356091,-2.71941105,-97.28551956,-38.57467768,-37.27425517,-35.9244185,-4.44859298,-4.51242957,-4.64061357,-4.15159084,-4.1779383,-4.21027061,0.41976123,0.54518326,0.68184347
313,1.5549999999999997,1.5599999999999996,1.5650000000000004,-6.93075534,1.35403421,-2.80759637,-98.28934224,-37.27425517,-35.9244185,-34.5507464,-4.51242957,-4.64061357,-4.74439758,-4.1779383,-4.21027061,-4.25153143,0.54518326,0.68184347,0.8331592
314,1.5599999999999996,1.5650000000000004,1.5700000000000003,-7.63583957,1.34451402,-2.85450359,-99.26808371,-35.9244185,-34.5507464,-33.160783,-4.64061357,-4.74439758,-4.90961912,-4.21027061,-4.25153143,-4.30355493,0.68184347,0.8331592,0.96501376
315,1.5650000000000004,1.5700000000000003,1.5750000000000002,-8.47783055,1.32361418,-2.85284214,-100.23036179,-34.5507464,-33.160783,-31.75792725,-4.74439758,-4.90961912,-5.11948546,-4.25153143,-4.30355493,-4.35014942,0.8331592,0.96501376,1.07498387
316,1.5700000000000003,1.5750000000000002,1.58,-9.46260482,1.29036407,-2.79771984,-101.18493159,-33.160783,-31.75792725,-30.32701147,-4.90961912,-5.11948546,-5.35150231,-4.30355493,-4.35014942,-4.41167609,0.96501376,1.07498387,1.19933367
317,1.5750000000000002,1.58,1.585,-10.73608759,1.25824543,-2.68674802,-102.13816095,-31.75792725,-30.32701147,-28.85103107,-5.11948546,-5.35150231,-5.59209178,-4.35014942,-4.41167609,-4.5151979,1.07498387,1.19933367,1.36815376
318,1.58,1.585,1.5899999999999999,-12.10850896,1.21372525,-2.51960015,-103.09422532,-30.32701147,-28.85103107,-27.40341857,-5.35150231,-5.59209178,-5.84756085,-4.41167609,-4.5151979,-4.5767265,1.19933367,1.36815376,1.45542392
319,1.585,1.5899999999999999,1.5949999999999998,-13.55576845,1.15627469,-2.30011276,-104.05704144,-28.85103107,-27.40341857,-25.92577093,-5.59209178,-5.84756085,-6.10655596,-4.5151979,-4.5767265,-4.67711232,1.36815376,1.45542392,1.58456367
320,1.5899999999999999,1.5949999999999998,1.5999999999999996,-15.04770179,1.0856719,-2.03565958,-105.02900902,-27.40341857,-25.92577093,-24.44526281,-5.84756085,-6.10655596,-6.33848159,-4.5767265,-4.67711232,-4.78290378,1.45542392,1.58456367,1.69152898
321,1.5949999999999998,1.5999999999999996,1.6050000000000004,-16.5489999,1.00202727,-1.73320043,-106.00914134,-25.92577093,-24.44526281,-22.9560526,-6.10655596,-6.33848159,-6.55869011,-4.67711232,-4.78290378,-4.90110512,1.58456367,1.69152898,1.80969144
322,1.5999999999999996,1.6050000000000004,1.6100000000000003,-18.02063584,0.90580301,-1.39706781,-106.99447403,-24.44526281,-22.9560526,-21.4682205,-6.33848159,-6.55869011,-6.74999227,-4.78290378,-4.90110512,-5.02559324,1.69152898,1.80969144,1.91114032
323,1.6050000000000004,1.6100000000000003,1.6150000000000002,-19.01613077,0.78934282,-1.02893397,-107.98170294,-22.9560526,-21.4682205,-19.98153218,-6.55869011,-6.74999227,-6.92283784,-4.90110512,-5.02559324,-5.15822553,1.80969144,1.91114032,2.00378248
324,1.6100000000000003,1.6150000000000002,1.62,-19.6514319,0.6530749,-0.6271289,-108.96603764,-21.4682205,-19.98153218,-18.49105971,-6.74999227,-6.92283784,-7.07328964,-5.02559324,-5.15822553,-5.2950332,1.91114032,2.00378248,2.10069069
325,1.6150000000000002,1.62,1.625,-20.38231356,0.50867845,-0.18633411,-109.93988562,-19.98153218,-18.49105971,-17.00282996,-6.92283784,-7.07328964,-7.21069381,-5.15822553,-5.2950332,-5.43570444,2.00378248,2.10069069,2.18430967
326,1.62,1.625,1.63,-21.1835716,0.36021466,0.30012387,-110.89530799,-18.49105971,-17.00282996,-15.51798216,-7.07328964,-7.21069381,-7.34787557,-5.2950332,-5.43570444,-5.58274498,2.10069069,2.18430967,2.25897216
327,1.625,1.63,1.6349999999999998,-22.01727392,0.21224409,0.83866597,-111.82522575,-17.00282996,-15.51798216,-14.04614463,-7.21069381,-7.34787557,-7.48522048,-5.43570444,-5.58274498,-5.73356511,2.18430967,2.25897216,2.32721701
328,1.63,1.6349999999999998,1.6399999999999997,-22.83367978,0.06962145,1.43450194,-112.72096566,-15.51798216,-14.04614463,-12.61503954,-7.34787557,-7.48522048,-7.57821753,-5.58274498,-5.73356511,-5.90375872,2.25897216,2.32721701,2.39144357
329,1.6349999999999998,1.6399999999999997,1.6450000000000005,-23.57325999,-0.0627296,2.09094592,-113.57285378,-14.04614463,-12.61503954,-11.2254475,-7.48522048,-7.57821753,-7.6978874,-5.73356511,-5.90375872,-6.04205705,2.32721701,2.39144357,2.42405923
330,1.6399999999999997,1.6450000000000005,1.6500000000000004,-24.16967202,-0.18004047,2.80825846,-114.37231079,-12.61503954,-11.2254475,-9.87071655,-7.57821753,-7.6978874,-7.89888402,-5.90375872,-6.04205705,-6.24097754,2.39144357,2.42405923,2.45004781
331,1.6450000000000005,1.6500000000000004,1.6550000000000002,-24.6471415,-0.27230612,3.58367758,-115.11191503,-11.2254475,-9.87071655,-8.56501563,-7.6978874,-7.89888402,-8.05912478,-6.04205705,-6.24097754,-6.42277103,2.42405923,2.45004781,2.48532626
332,1.6500000000000004,1.6550000000000002,1.6600000000000001,-24.77480901,-0.34399183,4.4103185,-115.78717429,-9.87071655,-8.56501563,-7.36003311,-7.89888402,-8.05912478,-8.22545533,-6.24097754,-6.42277103,-6.62560079,2.45004781,2.48532626,2.51006609
333,1.6550000000000002,1.6600000000000001,1.665,-24.50317646,-0.39189439,5.27701326,-116.39666172,-8.56501563,-7.36003311,-6.26229991,-8.05912478,-8.22545533,-8.38332873,-6.42277103,-6.62560079,-6.83022846,2.48532626,2.51006609,2.51878438
334,1.6600000000000001,1.665,1.67,-23.80025186,-0.41279761,6.17237801,-116.93790255,-7.36003311,-6.26229991,-5.29941056,-8.22545533,-8.38332873,-8.55003182,-6.62560079,-6.83022846,-7.03561386,2.51006609,2.51878438,2.50337387
335,1.665,1.67,1.6749999999999998,-22.64410218,-0.40412905,7.08624761,-117.40633058,-6.26229991,-5.29941056,-4.46404354,-8.38332873,-8.55003182,-8.58984832,-6.83022846,-7.03561386,-7.23103735,2.51878438,2.50337387,2.49899069
336,1.67,1.6749999999999998,1.6799999999999997,-21.02421457,-0.36414619,8.00630889,-117.79824826,-5.29941056,-4.46404354,-3.79511411,-8.55003182,-8.58984832,-8.66181276,-7.03561386,-7.23103735,-7.49576767,2.50337387,2.49899069,2.48194781
337,1.6749999999999998,1.6799999999999997,1.6849999999999996,-18.94269417,-0.2921021,8.92108351,-118.1092367,-4.46404354,-3.79511411,-3.27507688,-8.58984832,-8.66181276,-8.72528135,-7.23103735,-7.49576767,-7.73001283,2.49899069,2.48194781,2.45267393
338,1.6799999999999997,1.6849999999999996,1.6900000000000004,-16.415314,-0.18837106,9.82007146,-118.33437479,-3.79511411,-3.27507688,-2.93573521,-8.66181276,-8.72528135,-8.69200911,-7.49576767,-7.73001283,-7.97404004,2.48194781,2.45267393,2.4141761
339,1.6849999999999996,1.6900000000000004,1.6950000000000003,-13.47232434,-0.05451752,10.69403736,-118.46718327,-3.27507688,-2.93573521,-2.79181313,-8.72528135,-8.69200911,-8.61623887,-7.73001283,-7.97404004,-8.25894849,2.45267393,2.4141761,2.36839181
340,1.6900000000000004,1.6950000000000003,1.7000000000000002,-10.15878988,0.10670472,11.531569,-118.50349192,-2.93573521,-2.79181313,-2.79979489,-8.69200911,-8.61623887,-8.52847111,-7.97404004,-8.25894849,-8.53077965,2.4141761,2.36839181,2.29607413
341,1.6950000000000003,1.7000000000000002,1.705,-6.53422008,0.2914304,12.31896533,-118.44296006,-2.79181313,-2.79979489,-2.93165723,-8.61623887,-8.52847111,-8.4562565,-8.25894849,-8.53077965,-8.80824276,2.36839181,2.29607413,2.21054942
342,1.7000000000000002,1.705,1.71,-2.67130875,0.49483909,13.04302968,-118.28622801,-2.79979489,-2.93165723,-3.23381248,-8.52847111,-8.4562565,-8.33991221,-8.53077965,-8.80824276,-9.11394205,2.29607413,2.21054942,2.10654967
343,1.705,1.71,1.7149999999999999,1.3463813,0.71138498,13.6889193,-118.03472508,-2.93165723,-3.23381248,-3.64701519,-8.4562565,-8.33991221,-8.21276538,-8.80824276,-9.11394205,-9.4327255,2.21054942,2.10654967,1.9845493
344,1.71,1.7149999999999999,1.7199999999999998,5.42790563,0.93509118,14.24143012,-117.69062096,-3.23381248,-3.64701519,-4.15954589,-8.33991221,-8.21276538,-8.1116738,-9.11394205,-9.4327255,-9.74945587,2.10654967,1.9845493,1.83899672
